[
    {
        "name": "Afghanistan",
        "full_name": "Islamic Republic of Afghanistan",
        "code": "AF",
        "capital": "Kabul",
        "citizenship": "Afghan",
        "continent": "Asia",
        "domain_name": ".af",
        "lat_long": "33.93911, 67.709953",
        "surface": "652,230 km²",
        "emoji": "🇦🇫",
        "calling_code": "+93",
        "flag": "🇦🇫",
        "currency": "Afghan Afghani",
        "currency_symbol": "؋",
        "currency_subsymbol": ""
    },
    {
        "name": "Albania",
        "full_name": "Republic of Albania",
        "code": "AL",
        "capital": "Tirana",
        "citizenship": "Albanian",
        "continent": "Europe",
        "domain_name": ".al",
        "lat_long": "41.153332, 20.168331",
        "surface": "28,748 km²",
        "emoji": "🇦🇱",
        "calling_code": "+355",
        "flag": "🇦🇱",
        "currency": "Albanian Lek",
        "currency_symbol": "L",
        "currency_subsymbol": "Q"
    },
    {
        "name": "Algeria",
        "full_name": "People's Democratic Republic of Algeria",
        "code": "DZ",
        "capital": "Algiers",
        "citizenship": "Algerian",
        "continent": "Africa",
        "domain_name": ".dz",
        "lat_long": "28.033886, 1.659626",
        "surface": "2,381,741 km²",
        "emoji": "🇩🇿",
        "calling_code": "+213",
        "flag": "🇩🇿",
        "currency": "Algerian Dinar",
        "currency_symbol": "د.ج",
        "currency_subsymbol": ""
    },
    {
        "name": "Andorra",
        "full_name": "Principality of Andorra",
        "code": "AD",
        "capital": "Andorra la Vella",
        "citizenship": "Andorran",
        "continent": "Europe",
        "domain_name": ".ad",
        "lat_long": "42.546245, 1.601554",
        "surface": "468 km²",
        "emoji": "🇦🇩",
        "calling_code": "+376",
        "flag": "🇦🇩",
        "currency": "Euro",
        "currency_symbol": "€",
        "currency_subsymbol": "ct"
    },
    {
        "name": "Angola",
        "full_name": "Republic of Angola",
        "code": "AO",
        "capital": "Luanda",
        "citizenship": "Angolan",
        "continent": "Africa",
        "domain_name": ".ao",
        "lat_long": "-11.202692, 17.873887",
        "surface": "1,246,700 km²",
        "emoji": "🇦🇴",
        "calling_code": "+244",
        "flag": "🇦🇴",
        "currency": "Kwanza",
        "currency_symbol": "Kz",
        "currency_subsymbol": ""
    },
    {
        "name": "Antigua and Barbuda",
        "full_name": "Antigua and Barbuda",
        "code": "AG",
        "capital": "Saint John's",
        "citizenship": "Antiguan, Barbudan",
        "continent": "North America",
        "domain_name": ".ag",
        "lat_long": "17.060816, -61.796428",
        "surface": "442 km²",
        "emoji": "🇦🇬",
        "calling_code": "+1-268",
        "flag": "🇦🇬",
        "currency": "East Caribbean Dollar",
        "currency_symbol": "$",
        "currency_subsymbol": "ct"
    },
    {
        "name": "Argentina",
        "full_name": "Argentine Republic",
        "code": "AR",
        "capital": "Buenos Aires",
        "citizenship": "Argentinian",
        "continent": "South America",
        "domain_name": ".ar",
        "lat_long": "-38.416097, -63.616672",
        "surface": "2,780,400 km²",
        "emoji": "🇦🇷",
        "calling_code": "+54",
        "flag": "🇦🇷",
        "currency": "Argentine Peso",
        "currency_symbol": "$",
        "currency_subsymbol": "ctv"
    },
    {
        "name": "Armenia",
        "full_name": "Republic of Armenia",
        "code": "AM",
        "capital": "Yerevan",
        "citizenship": "Armenian",
        "continent": "Asia",
        "domain_name": ".am",
        "lat_long": "40.069099, 45.038189",
        "surface": "29,743 km²",
        "emoji": "🇦🇲",
        "calling_code": "+374",
        "flag": "🇦🇲",
        "currency": "Armenian Dram",
        "currency_symbol": "Ö",
        "currency_subsymbol": ""
    },
    {
        "name": "Australia",
        "full_name": "Commonwealth of Australia",
        "code": "AU",
        "capital": "Canberra",
        "citizenship": "Australian",
        "continent": "Oceania",
        "domain_name": ".au",
        "lat_long": "-25.274398, 133.775136",
        "surface": "7,692,024 km²",
        "emoji": "🇦🇺",
        "calling_code": "+61",
        "flag": "🇦🇺",
        "currency": "Australian Dollar",
        "currency_symbol": "$",
        "currency_subsymbol": "ct"
    },
    {
        "name": "Austria",
        "full_name": "Republic of Austria",
        "code": "AT",
        "capital": "Vienna",
        "citizenship": "Austrian",
        "continent": "Europe",
        "domain_name": ".at",
        "lat_long": "47.516231, 14.550072",
        "surface": "83,879 km²",
        "emoji": "🇦🇹",
        "calling_code": "+43",
        "flag": "🇦🇹",
        "currency": "Euro",
        "currency_symbol": "€",
        "currency_subsymbol": "ct"
    },
    {
        "name": "Azerbaijan",
        "full_name": "Republic of Azerbaijan",
        "code": "AZ",
        "capital": "Baku",
        "citizenship": "Azerbaijani",
        "continent": "Asia",
        "domain_name": ".az",
        "lat_long": "40.143105, 47.576927",
        "surface": "86,600 km²",
        "emoji": "🇦🇿",
        "calling_code": "+994",
        "flag": "🇦🇿",
        "currency": "Azerbaijan Manat",
        "currency_symbol": "₼",
        "currency_subsymbol": ""
    },
    {
        "name": "Bahamas",
        "full_name": "Commonwealth of The Bahamas",
        "code": "BS",
        "capital": "Nassau",
        "citizenship": "Bahamian",
        "continent": "North America",
        "domain_name": ".bs",
        "lat_long": "25.03428, -77.39628",
        "surface": "13,940 km²",
        "emoji": "🇧🇸",
        "calling_code": "+1-242",
        "flag": "🇧🇸",
        "currency": "Bahamian Dollar",
        "currency_symbol": "$",
        "currency_subsymbol": "ct"
    },
    {
        "name": "Bahrain",
        "full_name": "Kingdom of Bahrain",
        "code": "BH",
        "capital": "Manama",
        "citizenship": "Bahraini",
        "continent": "Asia",
        "domain_name": ".bh",
        "lat_long": "25.930414, 50.637772",
        "surface": "760 km²",
        "emoji": "🇧🇭",
        "calling_code": "+973",
        "flag": "🇧🇭",
        "currency": "Bahraini Dinar",
        "currency_symbol": "ب.د",
        "currency_subsymbol": ""
    },
    {
        "name": "Bangladesh",
        "full_name": "People's Republic of Bangladesh",
        "code": "BD",
        "capital": "Dhaka",
        "citizenship": "Bangladeshi",
        "continent": "Asia",
        "domain_name": ".bd",
        "lat_long": "23.684994, 90.356331",
        "surface": "147,570 km²",
        "emoji": "🇧🇩",
        "calling_code": "+880",
        "flag": "🇧🇩",
        "currency": "Bangladeshi Taka",
        "currency_symbol": "৳",
        "currency_subsymbol": ""
    },
    {
        "name": "Barbados",
        "full_name": "Barbados",
        "code": "BB",
        "capital": "Bridgetown",
        "citizenship": "Barbadian",
        "continent": "North America",
        "domain_name": ".bb",
        "lat_long": "13.193887, -59.543198",
        "surface": "430 km²",
        "emoji": "🇧🇧",
        "calling_code": "+1-246",
        "flag": "🇧🇧",
        "currency": "Barbadian Dollar",
        "currency_symbol": "$",
        "currency_subsymbol": "ct"
    },
    {
        "name": "Belarus",
        "full_name": "Republic of Belarus",
        "code": "BY",
        "capital": "Minsk",
        "citizenship": "Belarusian",
        "continent": "Europe",
        "domain_name": ".by",
        "lat_long": "53.709807, 27.953389",
        "surface": "207,600 km²",
        "emoji": "🇧🇾",
        "calling_code": "+375",
        "flag": "🇧🇾",
        "currency": "Belarusian Ruble",
        "currency_symbol": "Br",
        "currency_subsymbol": ""
    },
    {
        "name": "Belgium",
        "full_name": "Kingdom of Belgium",
        "code": "BE",
        "capital": "Brussels",
        "citizenship": "Belgian",
        "continent": "Europe",
        "domain_name": ".be",
        "lat_long": "50.503887, 4.469936",
        "surface": "30,528 km²",
        "emoji": "🇧🇪",
        "calling_code": "+32",
        "flag": "🇧🇪",
        "currency": "Euro",
        "currency_symbol": "€",
        "currency_subsymbol": "ct"
    },
    {
        "name": "Belize",
        "full_name": "Belize",
        "code": "BZ",
        "capital": "Belmopan",
        "citizenship": "Belizean",
        "continent": "North America",
        "domain_name": ".bz",
        "lat_long": "17.189877, -88.49765",
        "surface": "22,966 km²",
        "emoji": "🇧🇿",
        "calling_code": "+501",
        "flag": "🇧🇿",
        "currency": "Belize Dollar",
        "currency_symbol": "BZ$",
        "currency_subsymbol": ""
    },
    {
        "name": "Benin",
        "full_name": "Republic of Benin",
        "code": "BJ",
        "capital": "Porto-Novo",
        "citizenship": "Beninese",
        "continent": "Africa",
        "domain_name": ".bj",
        "lat_long": "9.30769, 2.315834",
        "surface": "112,622 km²",
        "emoji": "🇧🇯",
        "calling_code": "+229",
        "flag": "🇧🇯",
        "currency": "CFA Franc BCEAO",
        "currency_symbol": "CFA",
        "currency_subsymbol": ""
    },
    {
        "name": "Bhutan",
        "full_name": "Kingdom of Bhutan",
        "code": "BT",
        "capital": "Thimphu",
        "citizenship": "Bhutanese",
        "continent": "Asia",
        "domain_name": ".bt",
        "lat_long": "27.514162, 90.433601",
        "surface": "38,394 km²",
        "emoji": "🇧🇹",
        "calling_code": "+975",
        "flag": "🇧🇹",
        "currency": "Ngultrum",
        "currency_symbol": "Nu.",
        "currency_subsymbol": "ch"
    },
    {
        "name": "Bolivia",
        "full_name": "Plurinational State of Bolivia",
        "code": "BO",
        "capital": "Sucre",
        "citizenship": "Bolivian",
        "continent": "South America",
        "domain_name": ".bo",
        "lat_long": "-16.290154, -63.588653",
        "surface": "1,098,581 km²",
        "emoji": "🇧🇴",
        "calling_code": "+591",
        "flag": "🇧🇴",
        "currency": "Boliviano",
        "currency_symbol": "Bs.",
        "currency_subsymbol": "ct"
    },
    {
        "name": "Bosnia and Herzegovina",
        "full_name": "Bosnia and Herzegovina",
        "code": "BA",
        "capital": "Sarajevo",
        "citizenship": "Bosnian, Herzegovinian",
        "continent": "Europe",
        "domain_name": ".ba",
        "lat_long": "43.915886, 17.679076",
        "surface": "51,197 km²",
        "emoji": "🇧🇦",
        "calling_code": "+387",
        "flag": "🇧🇦",
        "currency": "Convertible Mark",
        "currency_symbol": "KM",
        "currency_subsymbol": ""
    },
    {
        "name": "Botswana",
        "full_name": "Republic of Botswana",
        "code": "BW",
        "capital": "Gaborone",
        "citizenship": "Botswanan",
        "continent": "Africa",
        "domain_name": ".bw",
        "lat_long": "-22.328474, 24.684866",
        "surface": "581,730 km²",
        "emoji": "🇧🇼",
        "calling_code": "+267",
        "flag": "🇧🇼",
        "currency": "Botswana Pula",
        "currency_symbol": "P",
        "currency_subsymbol": ""
    },
    {
        "name": "Brazil",
        "full_name": "Federative Republic of Brazil",
        "code": "BR",
        "capital": "Brasília",
        "citizenship": "Brazilian",
        "continent": "South America",
        "domain_name": ".br",
        "lat_long": "-14.235004, -51.92528",
        "surface": "8,515,767 km²",
        "emoji": "🇧🇷",
        "calling_code": "+55",
        "flag": "🇧🇷",
        "currency": "Brazilian Real",
        "currency_symbol": "R$",
        "currency_subsymbol": "ct"
    },
    {
        "name": "Brunei",
        "full_name": "Nation of Brunei, Abode of Peace",
        "code": "BN",
        "capital": "Bandar Seri Begawan",
        "citizenship": "Bruneian",
        "continent": "Asia",
        "domain_name": ".bn",
        "lat_long": "4.535277, 114.727669",
        "surface": "5,765 km²",
        "emoji": "🇧🇳",
        "calling_code": "+673",
        "flag": "🇧🇳",
        "currency": "Brunei Dollar",
        "currency_symbol": "B$",
        "currency_subsymbol": ""
    },
    {
        "name": "Bulgaria",
        "full_name": "Republic of Bulgaria",
        "code": "BG",
        "capital": "Sofia",
        "citizenship": "Bulgarian",
        "continent": "Europe",
        "domain_name": ".bg",
        "lat_long": "42.733883, 25.48583",
        "surface": "110,994 km²",
        "emoji": "🇧🇬",
        "calling_code": "+359",
        "flag": "🇧🇬",
        "currency": "Bulgarian Lev",
        "currency_symbol": "лв",
        "currency_subsymbol": "ÑÑ‚."
    },
    {
        "name": "Burkina Faso",
        "full_name": "Burkina Faso",
        "code": "BF",
        "capital": "Ouagadougou",
        "citizenship": "Burkinabé",
        "continent": "Africa",
        "domain_name": ".bf",
        "lat_long": "12.238333, -1.561593",
        "surface": "274,200 km²",
        "emoji": "🇧🇫",
        "calling_code": "+226",
        "flag": "🇧🇫",
        "currency": "CFA Franc BCEAO",
        "currency_symbol": "CFA",
        "currency_subsymbol": ""
    },
    {
        "name": "Burundi",
        "full_name": "Republic of Burundi",
        "code": "BI",
        "capital": "Gitega",
        "citizenship": "Burundian",
        "continent": "Africa",
        "domain_name": ".bi",
        "lat_long": "-3.373056, 29.918886",
        "surface": "27,834 km²",
        "emoji": "🇧🇮",
        "calling_code": "+257",
        "flag": "🇧🇮",
        "currency": "Burundi Franc",
        "currency_symbol": "FBu",
        "currency_subsymbol": ""
    },
    {
        "name": "Cabo Verde",
        "full_name": "Republic of Cabo Verde",
        "code": "CV",
        "capital": "Praia",
        "citizenship": "Cape Verdean",
        "continent": "Africa",
        "domain_name": ".cv",
        "lat_long": "16.5388, -23.0418",
        "surface": "4,033 km²",
        "emoji": "🇨🇻",
        "calling_code": "+238",
        "flag": "🇨🇻",
        "currency": "Cape Verdean Escudo",
        "currency_symbol": "Esc",
        "currency_subsymbol": ""
    },
    {
        "name": "Cambodia",
        "full_name": "Kingdom of Cambodia",
        "code": "KH",
        "capital": "Phnom Penh",
        "citizenship": "Cambodian",
        "continent": "Asia",
        "domain_name": ".kh",
        "lat_long": "12.565679, 104.990963",
        "surface": "181,035 km²",
        "emoji": "🇰🇭",
        "calling_code": "+855",
        "flag": "🇰🇭",
        "currency": "Riel",
        "currency_symbol": "៛",
        "currency_subsymbol": ""
    },
    {
        "name": "Cameroon",
        "full_name": "Republic of Cameroon",
        "code": "CM",
        "capital": "Yaoundé",
        "citizenship": "Cameroonian",
        "continent": "Africa",
        "domain_name": ".cm",
        "lat_long": "7.369722, 12.354722",
        "surface": "475,442 km²",
        "emoji": "🇨🇲",
        "calling_code": "+237",
        "flag": "🇨🇲",
        "currency": "CFA Franc BEAC",
        "currency_symbol": "CFA",
        "currency_subsymbol": ""
    },
    {
        "name": "Canada",
        "full_name": "Canada",
        "code": "CA",
        "capital": "Ottawa",
        "citizenship": "Canadian",
        "continent": "North America",
        "domain_name": ".ca",
        "lat_long": "56.130366, -106.346771",
        "surface": "9,984,670 km²",
        "emoji": "🇨🇦",
        "calling_code": "+1",
        "flag": "🇨🇦",
        "currency": "Canadian Dollar",
        "currency_symbol": "$",
        "currency_subsymbol": "ct"
    },
    {
        "name": "Central African Republic",
        "full_name": "Central African Republic",
        "code": "CF",
        "capital": "Bangui",
        "citizenship": "Central African",
        "continent": "Africa",
        "domain_name": ".cf",
        "lat_long": "6.611111, 20.939444",
        "surface": "622,984 km²",
        "emoji": "🇨🇫",
        "calling_code": "+236",
        "flag": "🇨🇫",
        "currency": "CFA Franc BEAC",
        "currency_symbol": "CFA",
        "currency_subsymbol": ""
    },
    {
        "name": "Chad",
        "full_name": "Republic of Chad",
        "code": "TD",
        "capital": "N'Djamena",
        "citizenship": "Chadian",
        "continent": "Africa",
        "domain_name": ".td",
        "lat_long": "15.454166, 18.732207",
        "surface": "1,284,000 km²",
        "emoji": "🇹🇩",
        "calling_code": "+235",
        "flag": "🇹🇩",
        "currency": "CFA Franc BEAC",
        "currency_symbol": "CFA",
        "currency_subsymbol": ""
    },
    {
        "name": "Chile",
        "full_name": "Republic of Chile",
        "code": "CL",
        "capital": "Santiago",
        "citizenship": "Chilean",
        "continent": "South America",
        "domain_name": ".cl",
        "lat_long": "-35.675147, -71.542969",
        "surface": "756,950 km²",
        "emoji": "🇨🇱",
        "calling_code": "+56",
        "flag": "🇨🇱",
        "currency": "Chilean Peso",
        "currency_symbol": "$",
        "currency_subsymbol": ""
    },
    {
        "name": "China",
        "full_name": "People's Republic of China",
        "code": "CN",
        "capital": "Beijing",
        "citizenship": "Chinese",
        "continent": "Asia",
        "domain_name": ".cn",
        "lat_long": "35.86166, 104.195397",
        "surface": "9,596,961 km²",
        "emoji": "🇨🇳",
        "calling_code": "+86",
        "flag": "🇨🇳",
        "currency": "Renminbi",
        "currency_symbol": "¥",
        "currency_subsymbol": ""
    },
    {
        "name": "Colombia",
        "full_name": "Republic of Colombia",
        "code": "CO",
        "capital": "Bogotá",
        "citizenship": "Colombian",
        "continent": "South America",
        "domain_name": ".co",
        "lat_long": "4.570868, -74.297333",
        "surface": "1,138,910 km²",
        "emoji": "🇨🇴",
        "calling_code": "+57",
        "flag": "🇨🇴",
        "currency": "Colombian Peso",
        "currency_symbol": "$",
        "currency_subsymbol": "ct"
    },
    {
        "name": "Comoros",
        "full_name": "Union of the Comoros",
        "code": "KM",
        "capital": "Moroni",
        "citizenship": "Comorian",
        "continent": "Africa",
        "domain_name": ".km",
        "lat_long": "-11.875001, 43.872219",
        "surface": "2,235 km²",
        "emoji": "🇰🇲",
        "calling_code": "+269",
        "flag": "🇰🇲",
        "currency": "Comorian Franc",
        "currency_symbol": "CF",
        "currency_subsymbol": ""
    },
    {
        "name": "Congo (Congo-Brazzaville)",
        "full_name": "Republic of the Congo",
        "code": "CG",
        "capital": "Brazzaville",
        "citizenship": "Congolese",
        "continent": "Africa",
        "domain_name": ".cg",
        "lat_long": "-0.228021, 15.827659",
        "surface": "342,000 km²",
        "emoji": "🇨🇬",
        "calling_code": "+242",
        "flag": "🇨🇬",
        "currency": "CFA Franc BEAC",
        "currency_symbol": "FCFA",
        "currency_subsymbol": ""
    },
    {
        "name": "Costa Rica",
        "full_name": "Republic of Costa Rica",
        "code": "CR",
        "capital": "San José",
        "citizenship": "Costa Rican",
        "continent": "North America",
        "domain_name": ".cr",
        "lat_long": "9.748917, -83.753428",
        "surface": "51,100 km²",
        "emoji": "🇨🇷",
        "calling_code": "+506",
        "flag": "🇨🇷",
        "currency": "Costa Rican Colon",
        "currency_symbol": "₡",
        "currency_subsymbol": ""
    },
    {
        "name": "Croatia",
        "full_name": "Republic of Croatia",
        "code": "HR",
        "capital": "Zagreb",
        "citizenship": "Croatian",
        "continent": "Europe",
        "domain_name": ".hr",
        "lat_long": "45.1, 15.2",
        "surface": "56,594 km²",
        "emoji": "🇭🇷",
        "calling_code": "+385",
        "flag": "🇭🇷",
        "currency": "Croatian Kuna",
        "currency_symbol": "kn",
        "currency_subsymbol": ""
    },
    {
        "name": "Cuba",
        "full_name": "Republic of Cuba",
        "code": "CU",
        "capital": "Havana",
        "citizenship": "Cuban",
        "continent": "North America",
        "domain_name": ".cu",
        "lat_long": "21.521757, -77.781167",
        "surface": "110,860 km²",
        "emoji": "🇨🇺",
        "calling_code": "+53",
        "flag": "🇨🇺",
        "currency": "Cuban Peso",
        "currency_symbol": "$",
        "currency_subsymbol": "MN"
    },
    {
        "name": "Cyprus",
        "full_name": "Republic of Cyprus",
        "code": "CY",
        "capital": "Nicosia",
        "citizenship": "Cypriot",
        "continent": "Europe",
        "domain_name": ".cy",
        "lat_long": "35.126413, 33.429859",
        "surface": "9,251 km²",
        "emoji": "🇨🇾",
        "calling_code": "+357",
        "flag": "🇨🇾",
        "currency": "Euro",
        "currency_symbol": "€",
        "currency_subsymbol": "ct"
    },
    {
        "name": "Czechia (Czech Republic)",
        "full_name": "Czech Republic",
        "code": "CZ",
        "capital": "Prague",
        "citizenship": "Czech",
        "continent": "Europe",
        "domain_name": ".cz",
        "lat_long": "49.817492, 15.472962",
        "surface": "78,866 km²",
        "emoji": "🇨🇿",
        "calling_code": "+420",
        "flag": "🇨🇿",
        "currency": "Czech Koruna",
        "currency_symbol": "KÄ",
        "currency_subsymbol": "h"
    },
    {
        "name": "Denmark",
        "full_name": "Kingdom of Denmark",
        "code": "DK",
        "capital": "Copenhagen",
        "citizenship": "Danish",
        "continent": "Europe",
        "domain_name": ".dk",
        "lat_long": "56.26392, 9.501785",
        "surface": "43,094 km²",
        "emoji": "🇩🇰",
        "calling_code": "+45",
        "flag": "🇩🇰",
        "currency": "Danish Krone",
        "currency_symbol": "kr",
        "currency_subsymbol": ""
    },
    {
        "name": "Djibouti",
        "full_name": "Republic of Djibouti",
        "code": "DJ",
        "capital": "Djibouti",
        "citizenship": "Djiboutian",
        "continent": "Africa",
        "domain_name": ".dj",
        "lat_long": "11.825138, 42.590275",
        "surface": "23,200 km²",
        "emoji": "🇩🇯",
        "calling_code": "+253",
        "flag": "🇩🇯",
        "currency": "Djiboutian Franc",
        "currency_symbol": "Fdj",
        "currency_subsymbol": ""
    },
    {
        "name": "Dominica",
        "full_name": "Commonwealth of Dominica",
        "code": "DM",
        "capital": "Roseau",
        "citizenship": "Dominican",
        "continent": "North America",
        "domain_name": ".dm",
        "lat_long": "15.414999, -61.370976",
        "surface": "750 km²",
        "emoji": "🇩🇲",
        "calling_code": "+1-767",
        "flag": "🇩🇲",
        "currency": "East Caribbean Dollar",
        "currency_symbol": "$",
        "currency_subsymbol": "ct"
    },
    {
        "name": "Dominican Republic",
        "full_name": "Dominican Republic",
        "code": "DO",
        "capital": "Santo Domingo",
        "citizenship": "Dominican",
        "continent": "North America",
        "domain_name": ".do",
        "lat_long": "18.735693, -70.162651",
        "surface": "48,670 km²",
        "emoji": "🇩🇴",
        "calling_code": "+1-809, +1-829, +1-849",
        "flag": "🇩🇴",
        "currency": "Dominican Peso",
        "currency_symbol": "RD$",
        "currency_subsymbol": ""
    },
    {
        "name": "East Timor",
        "full_name": "Democratic Republic of Timor-Leste",
        "code": "TL",
        "capital": "Dili",
        "citizenship": "Timorese",
        "continent": "Asia",
        "domain_name": ".tl",
        "lat_long": "-8.874217, 125.727539",
        "surface": "14,874 km²",
        "emoji": "🇹🇱",
        "calling_code": "+670",
        "flag": "🇹🇱",
        "currency": "United States Dollar",
        "currency_symbol": "$",
        "currency_subsymbol": "ct"
    },
    {
        "name": "Ecuador",
        "full_name": "Republic of Ecuador",
        "code": "EC",
        "capital": "Quito",
        "citizenship": "Ecuadorian",
        "continent": "South America",
        "domain_name": ".ec",
        "lat_long": "-1.831239, -78.183406",
        "surface": "283,560 km²",
        "emoji": "🇪🇨",
        "calling_code": "+593",
        "flag": "🇪🇨",
        "currency": "United States Dollar",
        "currency_symbol": "$",
        "currency_subsymbol": "ct"
    },
    {
        "name": "Egypt",
        "full_name": "Arab Republic of Egypt",
        "code": "EG",
        "capital": "Cairo",
        "citizenship": "Egyptian",
        "continent": "Africa",
        "domain_name": ".eg",
        "lat_long": "26.820553, 30.802498",
        "surface": "1,010,408 km²",
        "emoji": "🇪🇬",
        "calling_code": "+20",
        "flag": "🇪🇬",
        "currency": "Egyptian Pound",
        "currency_symbol": "£",
        "currency_subsymbol": "pt"
    },
    {
        "name": "El Salvador",
        "full_name": "Republic of El Salvador",
        "code": "SV",
        "capital": "San Salvador",
        "citizenship": "Salvadoran",
        "continent": "North America",
        "domain_name": ".sv",
        "lat_long": "13.794185, -88.89653",
        "surface": "21,040 km²",
        "emoji": "🇸🇻",
        "calling_code": "+503",
        "flag": "🇸🇻",
        "currency": "United States Dollar",
        "currency_symbol": "$",
        "currency_subsymbol": "ct"
    },
    {
        "name": "Equatorial Guinea",
        "full_name": "Republic of Equatorial Guinea",
        "code": "GQ",
        "capital": "Malabo",
        "citizenship": "Equatorial Guinean",
        "continent": "Africa",
        "domain_name": ".gq",
        "lat_long": "1.650801, 10.267895",
        "surface": "28,051 km²",
        "emoji": "🇬🇶",
        "calling_code": "+240",
        "flag": "🇬🇶",
        "currency": "Central African CFA franc",
        "currency_symbol": "FCFA",
        "currency_subsymbol": ""
    },
    {
        "name": "Eritrea",
        "full_name": "State of Eritrea",
        "code": "ER",
        "capital": "Asmara",
        "citizenship": "Eritrean",
        "continent": "Africa",
        "domain_name": ".er",
        "lat_long": "15.179384, 39.782334",
        "surface": "117,600 km²",
        "emoji": "🇪🇷",
        "calling_code": "+291",
        "flag": "🇪🇷",
        "currency": "Eritrean nakfa",
        "currency_symbol": "Nfk",
        "currency_subsymbol": ""
    },
    {
        "name": "Estonia",
        "full_name": "Republic of Estonia",
        "code": "EE",
        "capital": "Tallinn",
        "citizenship": "Estonian",
        "continent": "Europe",
        "domain_name": ".ee",
        "lat_long": "58.595272, 25.013607",
        "surface": "45,227 km²",
        "emoji": "🇪🇪",
        "calling_code": "+372",
        "flag": "🇪🇪",
        "currency": "Euro",
        "currency_symbol": "€",
        "currency_subsymbol": "ct"
    },
    {
        "name": "Eswatini",
        "full_name": "Kingdom of Eswatini",
        "code": "SZ",
        "capital": "Lobamba",
        "citizenship": "Swazi",
        "continent": "Africa",
        "domain_name": ".sz",
        "lat_long": "-26.522503, 31.465866",
        "surface": "17,364 km²",
        "emoji": "🇸🇿",
        "calling_code": "+268",
        "flag": "🇸🇿",
        "currency": "Lilangeni",
        "currency_symbol": "L",
        "currency_subsymbol": ""
    },
    {
        "name": "Ethiopia",
        "full_name": "Federal Democratic Republic of Ethiopia",
        "code": "ET",
        "capital": "Addis Ababa",
        "citizenship": "Ethiopian",
        "continent": "Africa",
        "domain_name": ".et",
        "lat_long": "9.145, 40.489673",
        "surface": "1,104,300 km²",
        "emoji": "🇪🇹",
        "calling_code": "+251",
        "flag": "🇪🇹",
        "currency": "Ethiopian Birr",
        "currency_symbol": "ብር",
        "currency_subsymbol": ""
    },
    {
        "name": "Fiji",
        "full_name": "Republic of Fiji",
        "code": "FJ",
        "capital": "Suva",
        "citizenship": "Fijian",
        "continent": "Oceania",
        "domain_name": ".fj",
        "lat_long": "-16.578193, 179.414413",
        "surface": "18,274 km²",
        "emoji": "🇫🇯",
        "calling_code": "+679",
        "flag": "🇫🇯",
        "currency": "Fijian Dollar",
        "currency_symbol": "$",
        "currency_subsymbol": ""
    },
    {
        "name": "Finland",
        "full_name": "Republic of Finland",
        "code": "FI",
        "capital": "Helsinki",
        "citizenship": "Finnish",
        "continent": "Europe",
        "domain_name": ".fi",
        "lat_long": "61.92411, 25.748151",
        "surface": "338,424 km²",
        "emoji": "🇫🇮",
        "calling_code": "+358",
        "flag": "🇫🇮",
        "currency": "Euro",
        "currency_symbol": "€",
        "currency_subsymbol": "ct"
    },
    {
        "name": "France",
        "full_name": "French Republic",
        "code": "FR",
        "capital": "Paris",
        "citizenship": "French",
        "continent": "Europe",
        "domain_name": ".fr",
        "lat_long": "46.603354, 1.888334",
        "surface": "551,695 km²",
        "emoji": "🇫🇷",
        "calling_code": "+33",
        "flag": "🇫🇷",
        "currency": "Euro",
        "currency_symbol": "€",
        "currency_subsymbol": "ct"
    },
    {
        "name": "Gabon",
        "full_name": "Gabonese Republic",
        "code": "GA",
        "capital": "Libreville",
        "citizenship": "Gabonese",
        "continent": "Africa",
        "domain_name": ".ga",
        "lat_long": "-0.803689, 11.609444",
        "surface": "267,668 km²",
        "emoji": "🇬🇦",
        "calling_code": "+241",
        "flag": "🇬🇦",
        "currency": "Central African CFA franc",
        "currency_symbol": "FCFA",
        "currency_subsymbol": ""
    },
    {
        "name": "Gambia",
        "full_name": "Republic of the Gambia",
        "code": "GM",
        "capital": "Banjul",
        "citizenship": "Gambian",
        "continent": "Africa",
        "domain_name": ".gm",
        "lat_long": "13.443182, -15.310139",
        "surface": "10,689 km²",
        "emoji": "🇬🇲",
        "calling_code": "+220",
        "flag": "🇬🇲",
        "currency": "Dalasi",
        "currency_symbol": "D",
        "currency_subsymbol": ""
    },
    {
        "name": "Georgia",
        "full_name": "Georgia",
        "code": "GE",
        "capital": "Tbilisi",
        "citizenship": "Georgian",
        "continent": "Asia",
        "domain_name": ".ge",
        "lat_long": "42.315407, 43.356892",
        "surface": "69,700 km²",
        "emoji": "🇬🇪",
        "calling_code": "+995",
        "flag": "🇬🇪",
        "currency": "Georgian Lari",
        "currency_symbol": "₾",
        "currency_subsymbol": "tetri"
    },
    {
        "name": "Germany",
        "full_name": "Federal Republic of Germany",
        "code": "DE",
        "capital": "Berlin",
        "citizenship": "German",
        "continent": "Europe",
        "domain_name": ".de",
        "lat_long": "51.165691, 10.451526",
        "surface": "357,386 km²",
        "emoji": "🇩🇪",
        "calling_code": "+49",
        "flag": "🇩🇪",
        "currency": "Euro",
        "currency_symbol": "€",
        "currency_subsymbol": "ct"
    },
    {
        "name": "Ghana",
        "full_name": "Republic of Ghana",
        "code": "GH",
        "capital": "Accra",
        "citizenship": "Ghanaian",
        "continent": "Africa",
        "domain_name": ".gh",
        "lat_long": "7.946527, -1.023194",
        "surface": "238,535 km²",
        "emoji": "🇬🇭",
        "calling_code": "+233",
        "flag": "🇬🇭",
        "currency": "Ghanaian Cedi",
        "currency_symbol": "₵",
        "currency_subsymbol": ""
    },
    {
        "name": "Greece",
        "full_name": "Hellenic Republic",
        "code": "GR",
        "capital": "Athens",
        "citizenship": "Greek",
        "continent": "Europe",
        "domain_name": ".gr",
        "lat_long": "39.074208, 21.824312",
        "surface": "131,957 km²",
        "emoji": "🇬🇷",
        "calling_code": "+30",
        "flag": "🇬🇷",
        "currency": "Euro",
        "currency_symbol": "€",
        "currency_subsymbol": "ct"
    },
    {
        "name": "Grenada",
        "full_name": "Grenada",
        "code": "GD",
        "capital": "St. George's",
        "citizenship": "Grenadian",
        "continent": "North America",
        "domain_name": ".gd",
        "lat_long": "12.262776, -61.604171",
        "surface": "344 km²",
        "emoji": "🇬🇩",
        "calling_code": "+1-473",
        "flag": "🇬🇩",
        "currency": "East Caribbean Dollar",
        "currency_symbol": "$",
        "currency_subsymbol": "ct"
    },
    {
        "name": "Guatemala",
        "full_name": "Republic of Guatemala",
        "code": "GT",
        "capital": "Guatemala City",
        "citizenship": "Guatemalan",
        "continent": "North America",
        "domain_name": ".gt",
        "lat_long": "15.783471, -90.230759",
        "surface": "108,889 km²",
        "emoji": "🇬🇹",
        "calling_code": "+502",
        "flag": "🇬🇹",
        "currency": "Quetzal",
        "currency_symbol": "Q",
        "currency_subsymbol": ""
    },
    {
        "name": "Guinea",
        "full_name": "Republic of Guinea",
        "code": "GN",
        "capital": "Conakry",
        "citizenship": "Guinean",
        "continent": "Africa",
        "domain_name": ".gn",
        "lat_long": "9.945587, -9.696645",
        "surface": "245,857 km²",
        "emoji": "🇬🇳",
        "calling_code": "+224",
        "flag": "🇬🇳",
        "currency": "Guinean Franc",
        "currency_symbol": "Fr",
        "currency_subsymbol": ""
    },
    {
        "name": "Guinea-Bissau",
        "full_name": "Republic of Guinea-Bissau",
        "code": "GW",
        "capital": "Bissau",
        "citizenship": "Guinea-Bissauan",
        "continent": "Africa",
        "domain_name": ".gw",
        "lat_long": "11.803749, -15.180413",
        "surface": "36,125 km²",
        "emoji": "🇬🇼",
        "calling_code": "+245",
        "flag": "🇬🇼",
        "currency": "CFA Franc BCEAO",
        "currency_symbol": "CFA",
        "currency_subsymbol": ""
    },
    {
        "name": "Guyana",
        "full_name": "Co-operative Republic of Guyana",
        "code": "GY",
        "capital": "Georgetown",
        "citizenship": "Guyanese",
        "continent": "South America",
        "domain_name": ".gy",
        "lat_long": "4.860416, -58.93018",
        "surface": "214,969 km²",
        "emoji": "🇬🇾",
        "calling_code": "+592",
        "flag": "🇬🇾",
        "currency": "Guyanese Dollar",
        "currency_symbol": "$",
        "currency_subsymbol": ""
    },
    {
        "name": "Haiti",
        "full_name": "Republic of Haiti",
        "code": "HT",
        "capital": "Port-au-Prince",
        "citizenship": "Haitian",
        "continent": "North America",
        "domain_name": ".ht",
        "lat_long": "18.971187, -72.285215",
        "surface": "27,750 km²",
        "emoji": "🇭🇹",
        "calling_code": "+509",
        "flag": "🇭🇹",
        "currency": "Haitian Gourde",
        "currency_symbol": "G",
        "currency_subsymbol": ""
    },
    {
        "name": "Honduras",
        "full_name": "Republic of Honduras",
        "code": "HN",
        "capital": "Tegucigalpa",
        "citizenship": "Honduran",
        "continent": "North America",
        "domain_name": ".hn",
        "lat_long": "15.199999, -86.241905",
        "surface": "112,492 km²",
        "emoji": "🇭🇳",
        "calling_code": "+504",
        "flag": "🇭🇳",
        "currency": "Lempira",
        "currency_symbol": "L",
        "currency_subsymbol": ""
    },
    {
        "name": "Hungary",
        "full_name": "Republic of Hungary",
        "code": "HU",
        "capital": "Budapest",
        "citizenship": "Hungarian",
        "continent": "Europe",
        "domain_name": ".hu",
        "lat_long": "47.162494, 19.503304",
        "surface": "93,028 km²",
        "emoji": "🇭🇺",
        "calling_code": "+36",
        "flag": "🇭🇺",
        "currency": "Forint",
        "currency_symbol": "Ft",
        "currency_subsymbol": ""
    },
    {
        "name": "Iceland",
        "full_name": "Republic of Iceland",
        "code": "IS",
        "capital": "Reykjavik",
        "citizenship": "Icelander",
        "continent": "Europe",
        "domain_name": ".is",
        "lat_long": "64.963051, -19.020835",
        "surface": "103,000 km²",
        "emoji": "🇮🇸",
        "calling_code": "+354",
        "flag": "🇮🇸",
        "currency": "Icelandic Króna",
        "currency_symbol": "kr",
        "currency_subsymbol": ""
    },
    {
        "name": "India",
        "full_name": "Republic of India",
        "code": "IN",
        "capital": "New Delhi",
        "citizenship": "Indian",
        "continent": "Asia",
        "domain_name": ".in",
        "lat_long": "20.593684, 78.96288",
        "surface": "3,287,263 km²",
        "emoji": "🇮🇳",
        "calling_code": "+91",
        "flag": "🇮🇳",
        "currency": "Indian Rupee",
        "currency_symbol": "₹",
        "currency_subsymbol": ""
    },
    {
        "name": "Indonesia",
        "full_name": "Republic of Indonesia",
        "code": "ID",
        "capital": "Jakarta",
        "citizenship": "Indonesian",
        "continent": "Asia",
        "domain_name": ".id",
        "lat_long": "-0.789275, 113.921327",
        "surface": "1,904,569 km²",
        "emoji": "🇮🇩",
        "calling_code": "+62",
        "flag": "🇮🇩",
        "currency": "Indonesian Rupiah",
        "currency_symbol": "Rp",
        "currency_subsymbol": ""
    },
    {
        "name": "Iran",
        "full_name": "Islamic Republic of Iran",
        "code": "IR",
        "capital": "Tehran",
        "citizenship": "Iranian",
        "continent": "Asia",
        "domain_name": ".ir",
        "lat_long": "32.427908, 53.688046",
        "surface": "1,648,195 km²",
        "emoji": "🇮🇷",
        "calling_code": "+98",
        "flag": "🇮🇷",
        "currency": "Iranian Rial",
        "currency_symbol": "﷼",
        "currency_subsymbol": ""
    },
    {
        "name": "Iraq",
        "full_name": "Republic of Iraq",
        "code": "IQ",
        "capital": "Baghdad",
        "citizenship": "Iraqi",
        "continent": "Asia",
        "domain_name": ".iq",
        "lat_long": "33.223191, 43.679291",
        "surface": "438,317 km²",
        "emoji": "🇮🇶",
        "calling_code": "+964",
        "flag": "🇮🇶",
        "currency": "Iraqi Dinar",
        "currency_symbol": "د.ع",
        "currency_subsymbol": ""
    },
    {
        "name": "Ireland",
        "full_name": "Ireland",
        "code": "IE",
        "capital": "Dublin",
        "citizenship": "Irish",
        "continent": "Europe",
        "domain_name": ".ie",
        "lat_long": "53.41291, -8.24389",
        "surface": "70,273 km²",
        "emoji": "🇮🇪",
        "calling_code": "+353",
        "flag": "🇮🇪",
        "currency": "Euro",
        "currency_symbol": "€",
        "currency_subsymbol": "ct"
    },
    {
        "name": "Israel",
        "full_name": "State of Israel",
        "code": "IL",
        "capital": "Jerusalem",
        "citizenship": "Israeli",
        "continent": "Asia",
        "domain_name": ".il",
        "lat_long": "31.046051, 34.851612",
        "surface": "20,770 km²",
        "emoji": "🇮🇱",
        "calling_code": "+972",
        "flag": "🇮🇱",
        "currency": "Israeli New Shekel",
        "currency_symbol": "₪",
        "currency_subsymbol": ""
    },
    {
        "name": "Italy",
        "full_name": "Italian Republic",
        "code": "IT",
        "capital": "Rome",
        "citizenship": "Italian",
        "continent": "Europe",
        "domain_name": ".it",
        "lat_long": "41.87194, 12.56738",
        "surface": "301,340 km²",
        "emoji": "🇮🇹",
        "calling_code": "+39",
        "flag": "🇮🇹",
        "currency": "Euro",
        "currency_symbol": "€",
        "currency_subsymbol": "ct"
    },
    {
        "name": "Ivory Coast",
        "full_name": "Republic of Côte d'Ivoire",
        "code": "CI",
        "capital": "Yamoussoukro",
        "citizenship": "Ivorian",
        "continent": "Africa",
        "domain_name": ".ci",
        "lat_long": "7.539989, -5.54708",
        "surface": "322,463 km²",
        "emoji": "🇨🇮",
        "calling_code": "+225",
        "flag": "🇨🇮",
        "currency": "West African CFA Franc",
        "currency_symbol": "CFA",
        "currency_subsymbol": ""
    },
    {
        "name": "Jamaica",
        "full_name": "Jamaica",
        "code": "JM",
        "capital": "Kingston",
        "citizenship": "Jamaican",
        "continent": "North America",
        "domain_name": ".jm",
        "lat_long": "18.109581, -77.297508",
        "surface": "10,991 km²",
        "emoji": "🇯🇲",
        "calling_code": "+1-876",
        "flag": "🇯🇲",
        "currency": "Jamaican Dollar",
        "currency_symbol": "$",
        "currency_subsymbol": "ct"
    },
    {
        "name": "Japan",
        "full_name": "Japan",
        "code": "JP",
        "capital": "Tokyo",
        "citizenship": "Japanese",
        "continent": "Asia",
        "domain_name": ".jp",
        "lat_long": "36.204824, 138.252924",
        "surface": "377,930 km²",
        "emoji": "🇯🇵",
        "calling_code": "+81",
        "flag": "🇯🇵",
        "currency": "Japanese Yen",
        "currency_symbol": "¥",
        "currency_subsymbol": ""
    },
    {
        "name": "Jordan",
        "full_name": "Hashemite Kingdom of Jordan",
        "code": "JO",
        "capital": "Amman",
        "citizenship": "Jordanian",
        "continent": "Asia",
        "domain_name": ".jo",
        "lat_long": "30.585164, 36.238414",
        "surface": "89,342 km²",
        "emoji": "🇯🇴",
        "calling_code": "+962",
        "flag": "🇯🇴",
        "currency": "Jordanian Dinar",
        "currency_symbol": "د.ا",
        "currency_subsymbol": ""
    },
    {
        "name": "Kazakhstan",
        "full_name": "Republic of Kazakhstan",
        "code": "KZ",
        "capital": "Nur-Sultan",
        "citizenship": "Kazakhstani",
        "continent": "Asia",
        "domain_name": ".kz",
        "lat_long": "48.019573, 66.923684",
        "surface": "2,724,900 km²",
        "emoji": "🇰🇿",
        "calling_code": "+7",
        "flag": "🇰🇿",
        "currency": "Tenge",
        "currency_symbol": "₸",
        "currency_subsymbol": ""
    },
    {
        "name": "Kenya",
        "full_name": "Republic of Kenya",
        "code": "KE",
        "capital": "Nairobi",
        "citizenship": "Kenyan",
        "continent": "Africa",
        "domain_name": ".ke",
        "lat_long": "-0.023559, 37.906193",
        "surface": "580,367 km²",
        "emoji": "🇰🇪",
        "calling_code": "+254",
        "flag": "🇰🇪",
        "currency": "Kenyan Shilling",
        "currency_symbol": "KSh",
        "currency_subsymbol": ""
    },
    {
        "name": "Kiribati",
        "full_name": "Republic of Kiribati",
        "code": "KI",
        "capital": "Tarawa",
        "citizenship": "I-Kiribati",
        "continent": "Oceania",
        "domain_name": ".ki",
        "lat_long": "-3.370417, -168.734039",
        "surface": "811 km²",
        "emoji": "🇰🇮",
        "calling_code": "+686",
        "flag": "🇰🇮",
        "currency": "Australian Dollar",
        "currency_symbol": "$",
        "currency_subsymbol": ""
    },
    {
        "name": "Kosovo",
        "full_name": "Republic of Kosovo",
        "code": "XK",
        "capital": "Pristina",
        "citizenship": "Kosovar",
        "continent": "Europe",
        "domain_name": ".xk",
        "lat_long": "42.602636, 20.902977",
        "surface": "10,887 km²",
        "emoji": "🇽🇰",
        "calling_code": "+383",
        "flag": "🇽🇰",
        "currency": "Euro",
        "currency_symbol": "€",
        "currency_subsymbol": "ct"
    },
    {
        "name": "Kuwait",
        "full_name": "State of Kuwait",
        "code": "KW",
        "capital": "Kuwait City",
        "citizenship": "Kuwaiti",
        "continent": "Asia",
        "domain_name": ".kw",
        "lat_long": "29.375859, 47.977405",
        "surface": "17,818 km²",
        "emoji": "🇰🇼",
        "calling_code": "+965",
        "flag": "🇰🇼",
        "currency": "Kuwaiti Dinar",
        "currency_symbol": "د.ك",
        "currency_subsymbol": ""
    },
    {
        "name": "Kyrgyzstan",
        "full_name": "Kyrgyz Republic",
        "code": "KG",
        "capital": "Bishkek",
        "citizenship": "Kyrgyzstani",
        "continent": "Asia",
        "domain_name": ".kg",
        "lat_long": "41.20438, 74.766098",
        "surface": "199,951 km²",
        "emoji": "🇰🇬",
        "calling_code": "+996",
        "flag": "🇰🇬",
        "currency": "Kyrgyzstani Som",
        "currency_symbol": "ÑĞ¾Ğ¼",
        "currency_subsymbol": "Т"
    },
    {
        "name": "Laos",
        "full_name": "Lao People's Democratic Republic",
        "code": "LA",
        "capital": "Vientiane",
        "citizenship": "Laotian",
        "continent": "Asia",
        "domain_name": ".la",
        "lat_long": "19.85627, 102.495496",
        "surface": "236,800 km²",
        "emoji": "🇱🇦",
        "calling_code": "+856",
        "flag": "🇱🇦",
        "currency": "Kip",
        "currency_symbol": "₭",
        "currency_subsymbol": ""
    },
    {
        "name": "Latvia",
        "full_name": "Republic of Latvia",
        "code": "LV",
        "capital": "Riga",
        "citizenship": "Latvian",
        "continent": "Europe",
        "domain_name": ".lv",
        "lat_long": "56.879635, 24.603189",
        "surface": "64,589 km²",
        "emoji": "🇱🇻",
        "calling_code": "+371",
        "flag": "🇱🇻",
        "currency": "Euro",
        "currency_symbol": "€",
        "currency_subsymbol": "ct"
    },
    {
        "name": "Lebanon",
        "full_name": "Lebanese Republic",
        "code": "LB",
        "capital": "Beirut",
        "citizenship": "Lebanese",
        "continent": "Asia",
        "domain_name": ".lb",
        "lat_long": "33.854721, 35.862285",
        "surface": "10,452 km²",
        "emoji": "🇱🇧",
        "calling_code": "+961",
        "flag": "🇱🇧",
        "currency": "Lebanese Pound",
        "currency_symbol": "ل.ل",
        "currency_subsymbol": ""
    },
    {
        "name": "Lesotho",
        "full_name": "Kingdom of Lesotho",
        "code": "LS",
        "capital": "Maseru",
        "citizenship": "Basotho",
        "continent": "Africa",
        "domain_name": ".ls",
        "lat_long": "-29.609988, 28.233608",
        "surface": "30,355 km²",
        "emoji": "🇱🇸",
        "calling_code": "+266",
        "flag": "🇱🇸",
        "currency": "Loti",
        "currency_symbol": "L",
        "currency_subsymbol": "S"
    },
    {
        "name": "Liberia",
        "full_name": "Republic of Liberia",
        "code": "LR",
        "capital": "Monrovia",
        "citizenship": "Liberian",
        "continent": "Africa",
        "domain_name": ".lr",
        "lat_long": "6.428055, -9.429499",
        "surface": "111,369 km²",
        "emoji": "🇱🇷",
        "calling_code": "+231",
        "flag": "🇱🇷",
        "currency": "Liberian Dollar",
        "currency_symbol": "$",
        "currency_subsymbol": ""
    },
    {
        "name": "Libya",
        "full_name": "State of Libya",
        "code": "LY",
        "capital": "Tripoli",
        "citizenship": "Libyan",
        "continent": "Africa",
        "domain_name": ".ly",
        "lat_long": "26.3351, 17.228331",
        "surface": "1,759,541 km²",
        "emoji": "🇱🇾",
        "calling_code": "+218",
        "flag": "🇱🇾",
        "currency": "Libyan Dinar",
        "currency_symbol": "ل.د",
        "currency_subsymbol": ""
    },
    {
        "name": "Liechtenstein",
        "full_name": "Principality of Liechtenstein",
        "code": "LI",
        "capital": "Vaduz",
        "citizenship": "Liechtensteiner",
        "continent": "Europe",
        "domain_name": ".li",
        "lat_long": "47.166, 9.555373",
        "surface": "160 km²",
        "emoji": "🇱🇮",
        "calling_code": "+423",
        "flag": "🇱🇮",
        "currency": "Swiss Franc",
        "currency_symbol": "CHF",
        "currency_subsymbol": ""
    },
    {
        "name": "Lithuania",
        "full_name": "Republic of Lithuania",
        "code": "LT",
        "capital": "Vilnius",
        "citizenship": "Lithuanian",
        "continent": "Europe",
        "domain_name": ".lt",
        "lat_long": "55.169438, 23.881275",
        "surface": "65,300 km²",
        "emoji": "🇱🇹",
        "calling_code": "+370",
        "flag": "🇱🇹",
        "currency": "Euro",
        "currency_symbol": "€",
        "currency_subsymbol": "ct"
    },
    {
        "name": "Luxembourg",
        "full_name": "Grand Duchy of Luxembourg",
        "code": "LU",
        "capital": "Luxembourg",
        "citizenship": "Luxembourger",
        "continent": "Europe",
        "domain_name": ".lu",
        "lat_long": "49.815273, 6.129583",
        "surface": "2,586 km²",
        "emoji": "🇱🇺",
        "calling_code": "+352",
        "flag": "🇱🇺",
        "currency": "Euro",
        "currency_symbol": "€",
        "currency_subsymbol": "ct"
    },
    {
        "name": "Madagascar",
        "full_name": "Republic of Madagascar",
        "code": "MG",
        "capital": "Antananarivo",
        "citizenship": "Malagasy",
        "continent": "Africa",
        "domain_name": ".mg",
        "lat_long": "-18.766947, 46.869107",
        "surface": "587,041 km²",
        "emoji": "🇲🇬",
        "calling_code": "+261",
        "flag": "🇲🇬",
        "currency": "Malagasy Ariary",
        "currency_symbol": "Ar",
        "currency_subsymbol": ""
    },
    {
        "name": "Malawi",
        "full_name": "Republic of Malawi",
        "code": "MW",
        "capital": "Lilongwe",
        "citizenship": "Malawian",
        "continent": "Africa",
        "domain_name": ".mw",
        "lat_long": "-13.254308, 34.301525",
        "surface": "118,484 km²",
        "emoji": "🇲🇼",
        "calling_code": "+265",
        "flag": "🇲🇼",
        "currency": "Malawian Kwacha",
        "currency_symbol": "MK",
        "currency_subsymbol": ""
    },
    {
        "name": "Malaysia",
        "full_name": "Malaysia",
        "code": "MY",
        "capital": "Kuala Lumpur",
        "citizenship": "Malaysian",
        "continent": "Asia",
        "domain_name": ".my",
        "lat_long": "4.210484, 101.975766",
        "surface": "329,847 km²",
        "emoji": "🇲🇾",
        "calling_code": "+60",
        "flag": "🇲🇾",
        "currency": "Malaysian Ringgit",
        "currency_symbol": "RM",
        "currency_subsymbol": ""
    },
    {
        "name": "Maldives",
        "full_name": "Republic of Maldives",
        "code": "MV",
        "capital": "Malé",
        "citizenship": "Maldivian",
        "continent": "Asia",
        "domain_name": ".mv",
        "lat_long": "3.202778, 73.22068",
        "surface": "298 km²",
        "emoji": "🇲🇻",
        "calling_code": "+960",
        "flag": "🇲🇻",
        "currency": "Rufiyaa",
        "currency_symbol": "MVR",
        "currency_subsymbol": ""
    },
    {
        "name": "Mali",
        "full_name": "Republic of Mali",
        "code": "ML",
        "capital": "Bamako",
        "citizenship": "Malian",
        "continent": "Africa",
        "domain_name": ".ml",
        "lat_long": "17.570692, -3.996166",
        "surface": "1,240,192 km²",
        "emoji": "🇲🇱",
        "calling_code": "+223",
        "flag": "🇲🇱",
        "currency": "CFA Franc BCEAO",
        "currency_symbol": "CFA",
        "currency_subsymbol": "XOF"
    },
    {
        "name": "Malta",
        "full_name": "Republic of Malta",
        "code": "MT",
        "capital": "Valletta",
        "citizenship": "Maltese",
        "continent": "Europe",
        "domain_name": ".mt",
        "lat_long": "35.937496, 14.375416",
        "surface": "316 km²",
        "emoji": "🇲🇹",
        "calling_code": "+356",
        "flag": "🇲🇹",
        "currency": "Euro",
        "currency_symbol": "€",
        "currency_subsymbol": "ct"
    },
    {
        "name": "Marshall Islands",
        "full_name": "Republic of the Marshall Islands",
        "code": "MH",
        "capital": "Majuro",
        "citizenship": "Marshallese",
        "continent": "Oceania",
        "domain_name": ".mh",
        "lat_long": "7.131474, 171.184478",
        "surface": "181 km²",
        "emoji": "🇲🇭",
        "calling_code": "+692",
        "flag": "🇲🇭",
        "currency": "United States Dollar",
        "currency_symbol": "$",
        "currency_subsymbol": "ct"
    },
    {
        "name": "Mauritania",
        "full_name": "Islamic Republic of Mauritania",
        "code": "MR",
        "capital": "Nouakchott",
        "citizenship": "Mauritanian",
        "continent": "Africa",
        "domain_name": ".mr",
        "lat_long": "21.00789, -10.940835",
        "surface": "1,030,700 km²",
        "emoji": "🇲🇷",
        "calling_code": "+222",
        "flag": "🇲🇷",
        "currency": "Ouguiya",
        "currency_symbol": "UM",
        "currency_subsymbol": ""
    },
    {
        "name": "Mauritius",
        "full_name": "Republic of Mauritius",
        "code": "MU",
        "capital": "Port Louis",
        "citizenship": "Mauritian",
        "continent": "Africa",
        "domain_name": ".mu",
        "lat_long": "-20.348404, 57.552152",
        "surface": "2,040 km²",
        "emoji": "🇲🇺",
        "calling_code": "+230",
        "flag": "🇲🇺",
        "currency": "Mauritian Rupee",
        "currency_symbol": "₨",
        "currency_subsymbol": ""
    },
    {
        "name": "Mexico",
        "full_name": "United Mexican States",
        "code": "MX",
        "capital": "Mexico City",
        "citizenship": "Mexican",
        "continent": "North America",
        "domain_name": ".mx",
        "lat_long": "23.634501, -102.552784",
        "surface": "1,964,375 km²",
        "emoji": "🇲🇽",
        "calling_code": "+52",
        "flag": "🇲🇽",
        "currency": "Mexican Peso",
        "currency_symbol": "$",
        "currency_subsymbol": "ct"
    },
    {
        "name": "Micronesia",
        "full_name": "Federated States of Micronesia",
        "code": "FM",
        "capital": "Palikir",
        "citizenship": "Micronesian",
        "continent": "Oceania",
        "domain_name": ".fm",
        "lat_long": "7.425554, 150.550812",
        "surface": "702 km²",
        "emoji": "🇫🇲",
        "calling_code": "+691",
        "flag": "🇫🇲",
        "currency": "United States Dollar",
        "currency_symbol": "$",
        "currency_subsymbol": "ct"
    },
    {
        "name": "Moldova",
        "full_name": "Republic of Moldova",
        "code": "MD",
        "capital": "Chisinau",
        "citizenship": "Moldovan",
        "continent": "Europe",
        "domain_name": ".md",
        "lat_long": "47.411631, 28.369885",
        "surface": "33,846 km²",
        "emoji": "🇲🇩",
        "calling_code": "+373",
        "flag": "🇲🇩",
        "currency": "Moldovan Leu",
        "currency_symbol": "L",
        "currency_subsymbol": ""
    },
    {
        "name": "Monaco",
        "full_name": "Principality of Monaco",
        "code": "MC",
        "capital": "Monaco",
        "citizenship": "Monégasque",
        "continent": "Europe",
        "domain_name": ".mc",
        "lat_long": "43.738418, 7.424616",
        "surface": "2 km²",
        "emoji": "🇲🇨",
        "calling_code": "+377",
        "flag": "🇲🇨",
        "currency": "Euro",
        "currency_symbol": "€",
        "currency_subsymbol": "ct"
    },
    {
        "name": "Mongolia",
        "full_name": "Mongolia",
        "code": "MN",
        "capital": "Ulan Bator",
        "citizenship": "Mongolian",
        "continent": "Asia",
        "domain_name": ".mn",
        "lat_long": "46.862496, 103.846656",
        "surface": "1,564,116 km²",
        "emoji": "🇲🇳",
        "calling_code": "+976",
        "flag": "🇲🇳",
        "currency": "Tugrik",
        "currency_symbol": "₮",
        "currency_subsymbol": ""
    },
    {
        "name": "Montenegro",
        "full_name": "Montenegro",
        "code": "ME",
        "capital": "Podgorica",
        "citizenship": "Montenegrin",
        "continent": "Europe",
        "domain_name": ".me",
        "lat_long": "42.708678, 19.37439",
        "surface": "13,812 km²",
        "emoji": "🇲🇪",
        "calling_code": "+382",
        "flag": "🇲🇪",
        "currency": "Euro",
        "currency_symbol": "€",
        "currency_subsymbol": "ct"
    },
    {
        "name": "Morocco",
        "full_name": "Kingdom of Morocco",
        "code": "MA",
        "capital": "Rabat",
        "citizenship": "Moroccan",
        "continent": "Africa",
        "domain_name": ".ma",
        "lat_long": "31.791702, -7.09262",
        "surface": "446,550 km²",
        "emoji": "🇲🇦",
        "calling_code": "+212",
        "flag": "🇲🇦",
        "currency": "Moroccan Dirham",
        "currency_symbol": "د.م.",
        "currency_subsymbol": ""
    },
    {
        "name": "Mozambique",
        "full_name": "Republic of Mozambique",
        "code": "MZ",
        "capital": "Maputo",
        "citizenship": "Mozambican",
        "continent": "Africa",
        "domain_name": ".mz",
        "lat_long": "-18.665695, 35.529562",
        "surface": "799,380 km²",
        "emoji": "🇲🇿",
        "calling_code": "+258",
        "flag": "🇲🇿",
        "currency": "Mozambican Metical",
        "currency_symbol": "MT",
        "currency_subsymbol": ""
    },
    {
        "name": "Myanmar",
        "full_name": "Republic of the Union of Myanmar",
        "code": "MM",
        "capital": "Naypyidaw",
        "citizenship": "Burmese",
        "continent": "Asia",
        "domain_name": ".mm",
        "lat_long": "21.913965, 95.956223",
        "surface": "676,578 km²",
        "emoji": "🇲🇲",
        "calling_code": "+95",
        "flag": "🇲🇲",
        "currency": "Kyat",
        "currency_symbol": "K",
        "currency_subsymbol": ""
    },
    {
        "name": "Namibia",
        "full_name": "Republic of Namibia",
        "code": "NA",
        "capital": "Windhoek",
        "citizenship": "Namibian",
        "continent": "Africa",
        "domain_name": ".na",
        "lat_long": "-22.95764, 18.49041",
        "surface": "824,290 km²",
        "emoji": "🇳🇦",
        "calling_code": "+264",
        "flag": "🇳🇦",
        "currency": "Namibian Dollar",
        "currency_symbol": "$",
        "currency_subsymbol": "ct"
    },
    {
        "name": "Nauru",
        "full_name": "Republic of Nauru",
        "code": "NR",
        "capital": "Yaren",
        "citizenship": "Nauruan",
        "continent": "Oceania",
        "domain_name": ".nr",
        "lat_long": "-0.522778, 166.931503",
        "surface": "21 km²",
        "emoji": "🇳🇷",
        "calling_code": "+674",
        "flag": "🇳🇷",
        "currency": "Australian Dollar",
        "currency_symbol": "$",
        "currency_subsymbol": "ct"
    },
    {
        "name": "Nepal",
        "full_name": "Federal Democratic Republic of Nepal",
        "code": "NP",
        "capital": "Kathmandu",
        "citizenship": "Nepalese",
        "continent": "Asia",
        "domain_name": ".np",
        "lat_long": "28.394857, 84.124008",
        "surface": "147,516 km²",
        "emoji": "🇳🇵",
        "calling_code": "+977",
        "flag": "🇳🇵",
        "currency": "Nepalese Rupee",
        "currency_symbol": "रू",
        "currency_subsymbol": "paisa"
    },
    {
        "name": "Netherlands",
        "full_name": "Kingdom of the Netherlands",
        "code": "NL",
        "capital": "Amsterdam",
        "citizenship": "Dutch",
        "continent": "Europe",
        "domain_name": ".nl",
        "lat_long": "52.132633, 5.291266",
        "surface": "41,543 km²",
        "emoji": "🇳🇱",
        "calling_code": "+31",
        "flag": "🇳🇱",
        "currency": "Euro",
        "currency_symbol": "€",
        "currency_subsymbol": "ct"
    },
    {
        "name": "New Zealand",
        "full_name": "New Zealand",
        "code": "NZ",
        "capital": "Wellington",
        "citizenship": "New Zealander",
        "continent": "Oceania",
        "domain_name": ".nz",
        "lat_long": "-40.900557, 174.885971",
        "surface": "268,021 km²",
        "emoji": "🇳🇿",
        "calling_code": "+64",
        "flag": "🇳🇿",
        "currency": "New Zealand Dollar",
        "currency_symbol": "$",
        "currency_subsymbol": "ct"
    },
    {
        "name": "Nicaragua",
        "full_name": "Republic of Nicaragua",
        "code": "NI",
        "capital": "Managua",
        "citizenship": "Nicaraguan",
        "continent": "North America",
        "domain_name": ".ni",
        "lat_long": "12.865416, -85.207229",
        "surface": "130,373 km²",
        "emoji": "🇳🇮",
        "calling_code": "+505",
        "flag": "🇳🇮",
        "currency": "Córdoba",
        "currency_symbol": "C$",
        "currency_subsymbol": "ct"
    },
    {
        "name": "Niger",
        "full_name": "Republic of the Niger",
        "code": "NE",
        "capital": "Niamey",
        "citizenship": "Nigerien",
        "continent": "Africa",
        "domain_name": ".ne",
        "lat_long": "17.607789, 8.081666",
        "surface": "1,266,700 km²",
        "emoji": "🇳🇪",
        "calling_code": "+227",
        "flag": "🇳🇪",
        "currency": "CFA Franc BCEAO",
        "currency_symbol": "CFA",
        "currency_subsymbol": ""
    },
    {
        "name": "Nigeria",
        "full_name": "Federal Republic of Nigeria",
        "code": "NG",
        "capital": "Abuja",
        "citizenship": "Nigerian",
        "continent": "Africa",
        "domain_name": ".ng",
        "lat_long": "9.081999, 8.675277",
        "surface": "923,768 km²",
        "emoji": "🇳🇬",
        "calling_code": "+234",
        "flag": "🇳🇬",
        "currency": "Naira",
        "currency_symbol": "₦",
        "currency_subsymbol": "kobo"
    },
    {
        "name": "North Korea",
        "full_name": "Democratic People's Republic of Korea",
        "code": "KP",
        "capital": "Pyongyang",
        "citizenship": "North Korean",
        "continent": "Asia",
        "domain_name": ".kp",
        "lat_long": "40.339852, 127.510093",
        "surface": "120,538 km²",
        "emoji": "🇰🇵",
        "calling_code": "+850",
        "flag": "🇰🇵",
        "currency": "North Korean Won",
        "currency_symbol": "₩",
        "currency_subsymbol": ""
    },
    {
        "name": "North Macedonia",
        "full_name": "Republic of North Macedonia",
        "code": "MK",
        "capital": "Skopje",
        "citizenship": "Macedonian",
        "continent": "Europe",
        "domain_name": ".mk",
        "lat_long": "41.608635, 21.745275",
        "surface": "25,713 km²",
        "emoji": "🇲🇰",
        "calling_code": "+389",
        "flag": "🇲🇰",
        "currency": "Denar",
        "currency_symbol": "ден",
        "currency_subsymbol": ""
    },
    {
        "name": "Norway",
        "full_name": "Kingdom of Norway",
        "code": "NO",
        "capital": "Oslo",
        "citizenship": "Norwegian",
        "continent": "Europe",
        "domain_name": ".no",
        "lat_long": "60.472024, 8.468946",
        "surface": "323,802 km²",
        "emoji": "🇳🇴",
        "calling_code": "+47",
        "flag": "🇳🇴",
        "currency": "Norwegian Krone",
        "currency_symbol": "kr",
        "currency_subsymbol": "øre"
    },
    {
        "name": "Oman",
        "full_name": "Sultanate of Oman",
        "code": "OM",
        "capital": "Muscat",
        "citizenship": "Omani",
        "continent": "Asia",
        "domain_name": ".om",
        "lat_long": "21.473533, 55.975413",
        "surface": "309,500 km²",
        "emoji": "🇴🇲",
        "calling_code": "+968",
        "flag": "🇴🇲",
        "currency": "Rial Omani",
        "currency_symbol": "ر.ع.",
        "currency_subsymbol": ""
    },
    {
        "name": "Pakistan",
        "full_name": "Islamic Republic of Pakistan",
        "code": "PK",
        "capital": "Islamabad",
        "citizenship": "Pakistani",
        "continent": "Asia",
        "domain_name": ".pk",
        "lat_long": "30.375321, 69.345116",
        "surface": "803,940 km²",
        "emoji": "🇵🇰",
        "calling_code": "+92",
        "flag": "🇵🇰",
        "currency": "Pakistani Rupee",
        "currency_symbol": "₨",
        "currency_subsymbol": ""
    },
    {
        "name": "Palau",
        "full_name": "Republic of Palau",
        "code": "PW",
        "capital": "Ngerulmud",
        "citizenship": "Palauan",
        "continent": "Oceania",
        "domain_name": ".pw",
        "lat_long": "7.51498, 134.58252",
        "surface": "459 km²",
        "emoji": "🇵🇼",
        "calling_code": "+680",
        "flag": "🇵🇼",
        "currency": "US Dollar",
        "currency_symbol": "$",
        "currency_subsymbol": "ct"
    },
    {
        "name": "Palestine State",
        "full_name": "State of Palestine",
        "code": "PS",
        "capital": "Ramallah",
        "citizenship": "Palestinian",
        "continent": "Asia",
        "domain_name": ".ps",
        "lat_long": "31.952162, 35.233154",
        "surface": "6,220 km²",
        "emoji": "🇵🇸",
        "calling_code": "+970",
        "flag": "🇵🇸",
        "currency": "Israeli New Shekel",
        "currency_symbol": "₪",
        "currency_subsymbol": ""
    },
    {
        "name": "Panama",
        "full_name": "Republic of Panama",
        "code": "PA",
        "capital": "Panama City",
        "citizenship": "Panamanian",
        "continent": "North America",
        "domain_name": ".pa",
        "lat_long": "8.537981, -80.782127",
        "surface": "75,517 km²",
        "emoji": "🇵🇦",
        "calling_code": "+507",
        "flag": "🇵🇦",
        "currency": "Balboa, US Dollar",
        "currency_symbol": "B/., $",
        "currency_subsymbol": "ct"
    },
    {
        "name": "Papua New Guinea",
        "full_name": "Independent State of Papua New Guinea",
        "code": "PG",
        "capital": "Port Moresby",
        "citizenship": "Papua New Guinean",
        "continent": "Oceania",
        "domain_name": ".pg",
        "lat_long": "-6.314993, 143.95555",
        "surface": "462,840 km²",
        "emoji": "🇵🇬",
        "calling_code": "+675",
        "flag": "🇵🇬",
        "currency": "Kina",
        "currency_symbol": "K",
        "currency_subsymbol": ""
    },
    {
        "name": "Paraguay",
        "full_name": "Republic of Paraguay",
        "code": "PY",
        "capital": "Asunción",
        "citizenship": "Paraguayan",
        "continent": "South America",
        "domain_name": ".py",
        "lat_long": "-23.442503, -58.443832",
        "surface": "406,750 km²",
        "emoji": "🇵🇾",
        "calling_code": "+595",
        "flag": "🇵🇾",
        "currency": "Guarani",
        "currency_symbol": "₲",
        "currency_subsymbol": ""
    },
    {
        "name": "Peru",
        "full_name": "Republic of Peru",
        "code": "PE",
        "capital": "Lima",
        "citizenship": "Peruvian",
        "continent": "South America",
        "domain_name": ".pe",
        "lat_long": "-9.189967, -75.015152",
        "surface": "1,285,216 km²",
        "emoji": "🇵🇪",
        "calling_code": "+51",
        "flag": "🇵🇪",
        "currency": "Nuevo Sol",
        "currency_symbol": "S/.",
        "currency_subsymbol": ""
    },
    {
        "name": "Philippines",
        "full_name": "Republic of the Philippines",
        "code": "PH",
        "capital": "Manila",
        "citizenship": "Filipino",
        "continent": "Asia",
        "domain_name": ".ph",
        "lat_long": "12.879721, 121.774017",
        "surface": "300,000 km²",
        "emoji": "🇵🇭",
        "calling_code": "+63",
        "flag": "🇵🇭",
        "currency": "Philippine Peso",
        "currency_symbol": "₱",
        "currency_subsymbol": "ct"
    },
    {
        "name": "Poland",
        "full_name": "Republic of Poland",
        "code": "PL",
        "capital": "Warsaw",
        "citizenship": "Polish",
        "continent": "Europe",
        "domain_name": ".pl",
        "lat_long": "51.919438, 19.145136",
        "surface": "312,696 km²",
        "emoji": "🇵🇱",
        "calling_code": "+48",
        "flag": "🇵🇱",
        "currency": "Polish Złoty",
        "currency_symbol": "zł",
        "currency_subsymbol": "gr"
    },
    {
        "name": "Portugal",
        "full_name": "Portuguese Republic",
        "code": "PT",
        "capital": "Lisbon",
        "citizenship": "Portuguese",
        "continent": "Europe",
        "domain_name": ".pt",
        "lat_long": "39.399872, -8.224454",
        "surface": "92,212 km²",
        "emoji": "🇵🇹",
        "calling_code": "+351",
        "flag": "🇵🇹",
        "currency": "Euro",
        "currency_symbol": "€",
        "currency_subsymbol": "ct"
    },
    {
        "name": "Qatar",
        "full_name": "State of Qatar",
        "code": "QA",
        "capital": "Doha",
        "citizenship": "Qatari",
        "continent": "Asia",
        "domain_name": ".qa",
        "lat_long": "25.354826, 51.183884",
        "surface": "11,586 km²",
        "emoji": "🇶🇦",
        "calling_code": "+974",
        "flag": "🇶🇦",
        "currency": "Qatari Riyal",
        "currency_symbol": "﷼",
        "currency_subsymbol": ""
    },
    {
        "name": "Romania",
        "full_name": "Romania",
        "code": "RO",
        "capital": "Bucharest",
        "citizenship": "Romanian",
        "continent": "Europe",
        "domain_name": ".ro",
        "lat_long": "45.943161, 24.96676",
        "surface": "238,397 km²",
        "emoji": "🇷🇴",
        "calling_code": "+40",
        "flag": "🇷🇴",
        "currency": "Romanian Leu",
        "currency_symbol": "lei",
        "currency_subsymbol": "bani"
    },
    {
        "name": "Russia",
        "full_name": "Russian Federation",
        "code": "RU",
        "capital": "Moscow",
        "citizenship": "Russian",
        "continent": "Europe and Asia",
        "domain_name": ".ru",
        "lat_long": "61.52401, 105.318756",
        "surface": "17,098,242 km²",
        "emoji": "🇷🇺",
        "calling_code": "+7",
        "flag": "🇷🇺",
        "currency": "Russian Ruble",
        "currency_symbol": "₽",
        "currency_subsymbol": "kop"
    },
    {
        "name": "Rwanda",
        "full_name": "Republic of Rwanda",
        "code": "RW",
        "capital": "Kigali",
        "citizenship": "Rwandan",
        "continent": "Africa",
        "domain_name": ".rw",
        "lat_long": "-1.940278, 29.873888",
        "surface": "26,338 km²",
        "emoji": "🇷🇼",
        "calling_code": "+250",
        "flag": "🇷🇼",
        "currency": "Rwandan Franc",
        "currency_symbol": "RF",
        "currency_subsymbol": ""
    },
    {
        "name": "Saint Kitts and Nevis",
        "full_name": "Federation of Saint Christopher and Nevis",
        "code": "KN",
        "capital": "Basseterre",
        "citizenship": "Kittitian and Nevisian",
        "continent": "North America",
        "domain_name": ".kn",
        "lat_long": "17.357822, -62.782998",
        "surface": "261 km²",
        "emoji": "🇰🇳",
        "calling_code": "+1-869",
        "flag": "🇰🇳",
        "currency": "East Caribbean Dollar",
        "currency_symbol": "$",
        "currency_subsymbol": "ct"
    },
    {
        "name": "Saint Lucia",
        "full_name": "Saint Lucia",
        "code": "LC",
        "capital": "Castries",
        "citizenship": "Saint Lucian",
        "continent": "North America",
        "domain_name": ".lc",
        "lat_long": "13.909444, -60.978893",
        "surface": "620 km²",
        "emoji": "🇱🇨",
        "calling_code": "+1-758",
        "flag": "🇱🇨",
        "currency": "East Caribbean Dollar",
        "currency_symbol": "$",
        "currency_subsymbol": "ct"
    },
    {
        "name": "Saint Vincent and the Grenadines",
        "full_name": "Saint Vincent and the Grenadines",
        "code": "VC",
        "capital": "Kingstown",
        "citizenship": "Vincentian",
        "continent": "North America",
        "domain_name": ".vc",
        "lat_long": "12.984305, -61.287228",
        "surface": "389 km²",
        "emoji": "🇻🇨",
        "calling_code": "+1-784",
        "flag": "🇻🇨",
        "currency": "East Caribbean Dollar",
        "currency_symbol": "$",
        "currency_subsymbol": "ct"
    },
    {
        "name": "Samoa",
        "full_name": "Independent State of Samoa",
        "code": "WS",
        "capital": "Apia",
        "citizenship": "Samoan",
        "continent": "Oceania",
        "domain_name": ".ws",
        "lat_long": "-13.759029, -172.104629",
        "surface": "2,831 km²",
        "emoji": "🇼🇸",
        "calling_code": "+685",
        "flag": "🇼🇸",
        "currency": "Samoan Tala",
        "currency_symbol": "T",
        "currency_subsymbol": "s"
    },
    {
        "name": "San Marino",
        "full_name": "Most Serene Republic of San Marino",
        "code": "SM",
        "capital": "San Marino",
        "citizenship": "San Marinese",
        "continent": "Europe",
        "domain_name": ".sm",
        "lat_long": "43.94236, 12.457777",
        "surface": "61 km²",
        "emoji": "🇸🇲",
        "calling_code": "+378",
        "flag": "🇸🇲",
        "currency": "Euro",
        "currency_symbol": "€",
        "currency_subsymbol": "ct"
    },
    {
        "name": "Sao Tome and Principe",
        "full_name": "Democratic Republic of São Tomé and Príncipe",
        "code": "ST",
        "capital": "São Tomé",
        "citizenship": "São Toméan",
        "continent": "Africa",
        "domain_name": ".st",
        "lat_long": "0.18636, 6.613081",
        "surface": "964 km²",
        "emoji": "🇸🇹",
        "calling_code": "+239",
        "flag": "🇸🇹",
        "currency": "Dobra",
        "currency_symbol": "Db",
        "currency_subsymbol": ""
    },
    {
        "name": "Saudi Arabia",
        "full_name": "Kingdom of Saudi Arabia",
        "code": "SA",
        "capital": "Riyadh",
        "citizenship": "Saudi",
        "continent": "Asia",
        "domain_name": ".sa",
        "lat_long": "23.885942, 45.079162",
        "surface": "2,149,690 km²",
        "emoji": "🇸🇦",
        "calling_code": "+966",
        "flag": "🇸🇦",
        "currency": "Saudi Riyal",
        "currency_symbol": "﷼",
        "currency_subsymbol": ""
    },
    {
        "name": "Senegal",
        "full_name": "Republic of Senegal",
        "code": "SN",
        "capital": "Dakar",
        "citizenship": "Senegalese",
        "continent": "Africa",
        "domain_name": ".sn",
        "lat_long": "14.497401, -14.452362",
        "surface": "196,712 km²",
        "emoji": "🇸🇳",
        "calling_code": "+221",
        "flag": "🇸🇳",
        "currency": "CFA Franc",
        "currency_symbol": "CFA",
        "currency_subsymbol": ""
    },
    {
        "name": "Serbia",
        "full_name": "Republic of Serbia",
        "code": "RS",
        "capital": "Belgrade",
        "citizenship": "Serbian",
        "continent": "Europe",
        "domain_name": ".rs",
        "lat_long": "44.016521, 21.005859",
        "surface": "88,361 km²",
        "emoji": "🇷🇸",
        "calling_code": "+381",
        "flag": "🇷🇸",
        "currency": "Serbian Dinar",
        "currency_symbol": "din",
        "currency_subsymbol": ""
    },
    {
        "name": "Seychelles",
        "full_name": "Republic of Seychelles",
        "code": "SC",
        "capital": "Victoria",
        "citizenship": "Seychellois",
        "continent": "Africa",
        "domain_name": ".sc",
        "lat_long": "-4.679574, 55.491977",
        "surface": "459 km²",
        "emoji": "🇸🇨",
        "calling_code": "+248",
        "flag": "🇸🇨",
        "currency": "Seychelles Rupee",
        "currency_symbol": "SCR",
        "currency_subsymbol": ""
    },
    {
        "name": "Sierra Leone",
        "full_name": "Republic of Sierra Leone",
        "code": "SL",
        "capital": "Freetown",
        "citizenship": "Sierra Leonean",
        "continent": "Africa",
        "domain_name": ".sl",
        "lat_long": "8.460555, -11.779889",
        "surface": "71,740 km²",
        "emoji": "🇸🇱",
        "calling_code": "+232",
        "flag": "🇸🇱",
        "currency": "Leone",
        "currency_symbol": "Le",
        "currency_subsymbol": ""
    },
    {
        "name": "Singapore",
        "full_name": "Republic of Singapore",
        "code": "SG",
        "capital": "Singapore",
        "citizenship": "Singaporean",
        "continent": "Asia",
        "domain_name": ".sg",
        "lat_long": "1.352083, 103.819836",
        "surface": "719.2 km²",
        "emoji": "🇸🇬",
        "calling_code": "+65",
        "flag": "🇸🇬",
        "currency": "Singapore Dollar",
        "currency_symbol": "$",
        "currency_subsymbol": "ct"
    },
    {
        "name": "Slovakia",
        "full_name": "Slovak Republic",
        "code": "SK",
        "capital": "Bratislava",
        "citizenship": "Slovak",
        "continent": "Europe",
        "domain_name": ".sk",
        "lat_long": "48.669026, 19.699024",
        "surface": "49,035 km²",
        "emoji": "🇸🇰",
        "calling_code": "+421",
        "flag": "🇸🇰",
        "currency": "Euro",
        "currency_symbol": "€",
        "currency_subsymbol": "ct"
    },
    {
        "name": "Slovenia",
        "full_name": "Republic of Slovenia",
        "code": "SI",
        "capital": "Ljubljana",
        "citizenship": "Slovene",
        "continent": "Europe",
        "domain_name": ".si",
        "lat_long": "46.151241, 14.995463",
        "surface": "20,273 km²",
        "emoji": "🇸🇮",
        "calling_code": "+386",
        "flag": "🇸🇮",
        "currency": "Euro",
        "currency_symbol": "€",
        "currency_subsymbol": "ct"
    },
    {
        "name": "Solomon Islands",
        "full_name": "Solomon Islands",
        "code": "SB",
        "capital": "Honiara",
        "citizenship": "Solomon Islander",
        "continent": "Oceania",
        "domain_name": ".sb",
        "lat_long": "-9.64571, 160.156194",
        "surface": "28,896 km²",
        "emoji": "🇸🇧",
        "calling_code": "+677",
        "flag": "🇸🇧",
        "currency": "Solomon Islands Dollar",
        "currency_symbol": "$",
        "currency_subsymbol": ""
    },
    {
        "name": "Somalia",
        "full_name": "Federal Republic of Somalia",
        "code": "SO",
        "capital": "Mogadishu",
        "citizenship": "Somali",
        "continent": "Africa",
        "domain_name": ".so",
        "lat_long": "5.152149, 46.199616",
        "surface": "637,657 km²",
        "emoji": "🇸🇴",
        "calling_code": "+252",
        "flag": "🇸🇴",
        "currency": "Somali Shilling",
        "currency_symbol": "Sh",
        "currency_subsymbol": ""
    },
    {
        "name": "South Africa",
        "full_name": "Republic of South Africa",
        "code": "ZA",
        "capital": "Pretoria (executive), Bloemfontein (judicial), Cape Town (legislative)",
        "citizenship": "South African",
        "continent": "Africa",
        "domain_name": ".za",
        "lat_long": "-30.559482, 22.937506",
        "surface": "1,221,037 km²",
        "emoji": "🇿🇦",
        "calling_code": "+27",
        "flag": "🇿🇦",
        "currency": "South African Rand",
        "currency_symbol": "R",
        "currency_subsymbol": ""
    },
    {
        "name": "South Korea",
        "full_name": "Republic of Korea",
        "code": "KR",
        "capital": "Seoul",
        "citizenship": "South Korean",
        "continent": "Asia",
        "domain_name": ".kr",
        "lat_long": "35.907757, 127.766922",
        "surface": "100,210 km²",
        "emoji": "🇰🇷",
        "calling_code": "+82",
        "flag": "🇰🇷",
        "currency": "South Korean Won",
        "currency_symbol": "₩",
        "currency_subsymbol": ""
    },
    {
        "name": "South Sudan",
        "full_name": "Republic of South Sudan",
        "code": "SS",
        "capital": "Juba",
        "citizenship": "South Sudanese",
        "continent": "Africa",
        "domain_name": ".ss",
        "lat_long": "6.876991, 31.306978",
        "surface": "619,745 km²",
        "emoji": "🇸🇸",
        "calling_code": "+211",
        "flag": "🇸🇸",
        "currency": "South Sudanese Pound",
        "currency_symbol": "£",
        "currency_subsymbol": ""
    },
    {
        "name": "Spain",
        "full_name": "Kingdom of Spain",
        "code": "ES",
        "capital": "Madrid",
        "citizenship": "Spanish",
        "continent": "Europe",
        "domain_name": ".es",
        "lat_long": "40.463667, -3.74922",
        "surface": "505,990 km²",
        "emoji": "🇪🇸",
        "calling_code": "+34",
        "flag": "🇪🇸",
        "currency": "Euro",
        "currency_symbol": "€",
        "currency_subsymbol": "ct"
    },
    {
        "name": "Sri Lanka",
        "full_name": "Democratic Socialist Republic of Sri Lanka",
        "code": "LK",
        "capital": "Sri Jayawardenepura Kotte",
        "citizenship": "Sri Lankan",
        "continent": "Asia",
        "domain_name": ".lk",
        "lat_long": "7.873054, 80.771797",
        "surface": "65,610 km²",
        "emoji": "🇱🇰",
        "calling_code": "+94",
        "flag": "🇱🇰",
        "currency": "Sri Lankan Rupee",
        "currency_symbol": "රු",
        "currency_subsymbol": "cts"
    },
    {
        "name": "Sudan",
        "full_name": "Republic of the Sudan",
        "code": "SD",
        "capital": "Khartoum",
        "citizenship": "Sudanese",
        "continent": "Africa",
        "domain_name": ".sd",
        "lat_long": "12.862807, 30.217636",
        "surface": "1,861,484 km²",
        "emoji": "🇸🇩",
        "calling_code": "+249",
        "flag": "🇸🇩",
        "currency": "Sudanese Pound",
        "currency_symbol": "£",
        "currency_subsymbol": ""
    },
    {
        "name": "Suriname",
        "full_name": "Republic of Suriname",
        "code": "SR",
        "capital": "Paramaribo",
        "citizenship": "Surinamese",
        "continent": "South America",
        "domain_name": ".sr",
        "lat_long": "3.919305, -56.027783",
        "surface": "163,820 km²",
        "emoji": "🇸🇷",
        "calling_code": "+597",
        "flag": "🇸🇷",
        "currency": "Surinamese Dollar",
        "currency_symbol": "$",
        "currency_subsymbol": ""
    },
    {
        "name": "Sweden",
        "full_name": "Kingdom of Sweden",
        "code": "SE",
        "capital": "Stockholm",
        "citizenship": "Swedish",
        "continent": "Europe",
        "domain_name": ".se",
        "lat_long": "60.128161, 18.643501",
        "surface": "450,295 km²",
        "emoji": "🇸🇪",
        "calling_code": "+46",
        "flag": "🇸🇪",
        "currency": "Swedish Krona",
        "currency_symbol": "kr",
        "currency_subsymbol": ""
    },
    {
        "name": "Switzerland",
        "full_name": "Swiss Confederation",
        "code": "CH",
        "capital": "Bern",
        "citizenship": "Swiss",
        "continent": "Europe",
        "domain_name": ".ch",
        "lat_long": "46.818188, 8.227512",
        "surface": "41,290 km²",
        "emoji": "🇨🇭",
        "calling_code": "+41",
        "flag": "🇨🇭",
        "currency": "Swiss Franc",
        "currency_symbol": "CHF",
        "currency_subsymbol": ""
    },
    {
        "name": "Syria",
        "full_name": "Syrian Arab Republic",
        "code": "SY",
        "capital": "Damascus",
        "citizenship": "Syrian",
        "continent": "Asia",
        "domain_name": ".sy",
        "lat_long": "34.802075, 38.996815",
        "surface": "185,180 km²",
        "emoji": "🇸🇾",
        "calling_code": "+963",
        "flag": "🇸🇾",
        "currency": "Syrian Pound",
        "currency_symbol": "£S",
        "currency_subsymbol": ""
    },
    {
        "name": "Taiwan",
        "full_name": "Republic of China (Taiwan)",
        "code": "TW",
        "capital": "Taipei",
        "citizenship": "Taiwanese",
        "continent": "Asia",
        "domain_name": ".tw",
        "lat_long": "23.69781, 120.960515",
        "surface": "35,980 km²",
        "emoji": "🇹🇼",
        "calling_code": "+886",
        "flag": "🇹🇼",
        "currency": "New Taiwan Dollar",
        "currency_symbol": "NT$",
        "currency_subsymbol": ""
    },
    {
        "name": "Tajikistan",
        "full_name": "Republic of Tajikistan",
        "code": "TJ",
        "capital": "Dushanbe",
        "citizenship": "Tajikistani",
        "continent": "Asia",
        "domain_name": ".tj",
        "lat_long": "38.861034, 71.276093",
        "surface": "143,100 km²",
        "emoji": "🇹🇯",
        "calling_code": "+992",
        "flag": "🇹🇯",
        "currency": "Somoni",
        "currency_symbol": "ЅМ",
        "currency_subsymbol": ""
    },
    {
        "name": "Tanzania",
        "full_name": "United Republic of Tanzania",
        "code": "TZ",
        "capital": "Dodoma",
        "citizenship": "Tanzanian",
        "continent": "Africa",
        "domain_name": ".tz",
        "lat_long": "-6.369028, 34.888822",
        "surface": "945,087 km²",
        "emoji": "🇹🇿",
        "calling_code": "+255",
        "flag": "🇹🇿",
        "currency": "Tanzanian Shilling",
        "currency_symbol": "TSh",
        "currency_subsymbol": ""
    },
    {
        "name": "Thailand",
        "full_name": "Kingdom of Thailand",
        "code": "TH",
        "capital": "Bangkok",
        "citizenship": "Thai",
        "continent": "Asia",
        "domain_name": ".th",
        "lat_long": "15.870032, 100.992541",
        "surface": "513,120 km²",
        "emoji": "🇹🇭",
        "calling_code": "+66",
        "flag": "🇹🇭",
        "currency": "Baht",
        "currency_symbol": "฿",
        "currency_subsymbol": ""
    },
    {
        "name": "Togo",
        "full_name": "Togolese Republic",
        "code": "TG",
        "capital": "Lomé",
        "citizenship": "Togolese",
        "continent": "Africa",
        "domain_name": ".tg",
        "lat_long": "8.619543, 0.824782",
        "surface": "56,785 km²",
        "emoji": "🇹🇬",
        "calling_code": "+228",
        "flag": "🇹🇬",
        "currency": "CFA Franc BCEAO",
        "currency_symbol": "CFA",
        "currency_subsymbol": ""
    },
    {
        "name": "Tonga",
        "full_name": "Kingdom of Tonga",
        "code": "TO",
        "capital": "Nuku'alofa",
        "citizenship": "Tongan",
        "continent": "Oceania",
        "domain_name": ".to",
        "lat_long": "-21.178986, -175.198242",
        "surface": "747 km²",
        "emoji": "🇹🇴",
        "calling_code": "+676",
        "flag": "🇹🇴",
        "currency": "Pa'anga",
        "currency_symbol": "T$",
        "currency_subsymbol": ""
    },
    {
        "name": "Trinidad and Tobago",
        "full_name": "Republic of Trinidad and Tobago",
        "code": "TT",
        "capital": "Port of Spain",
        "citizenship": "Trinidadian and Tobagonian",
        "continent": "North America",
        "domain_name": ".tt",
        "lat_long": "10.691803, -61.222503",
        "surface": "5,128 km²",
        "emoji": "🇹🇹",
        "calling_code": "+1-868",
        "flag": "🇹🇹",
        "currency": "Trinidad and Tobago Dollar",
        "currency_symbol": "$",
        "currency_subsymbol": "ct"
    },
    {
        "name": "Tunisia",
        "full_name": "Republic of Tunisia",
        "code": "TN",
        "capital": "Tunis",
        "citizenship": "Tunisian",
        "continent": "Africa",
        "domain_name": ".tn",
        "lat_long": "33.886917, 9.537499",
        "surface": "163,610 km²",
        "emoji": "🇹🇳",
        "calling_code": "+216",
        "flag": "🇹🇳",
        "currency": "Tunisian Dinar",
        "currency_symbol": "د.ت",
        "currency_subsymbol": ""
    },
    {
        "name": "Turkey",
        "full_name": "Republic of Turkey",
        "code": "TR",
        "capital": "Ankara",
        "citizenship": "Turkish",
        "continent": "Europe",
        "domain_name": ".tr",
        "lat_long": "38.963745, 35.243322",
        "surface": "783,562 km²",
        "emoji": "🇹🇷",
        "calling_code": "+90",
        "flag": "🇹🇷",
        "currency": "Turkish Lira",
        "currency_symbol": "₺",
        "currency_subsymbol": "kr"
    },
    {
        "name": "Turkmenistan",
        "full_name": "Turkmenistan",
        "code": "TM",
        "capital": "Ashgabat",
        "citizenship": "Turkmen",
        "continent": "Asia",
        "domain_name": ".tm",
        "lat_long": "38.969719, 59.556278",
        "surface": "488,100 km²",
        "emoji": "🇹🇲",
        "calling_code": "+993",
        "flag": "🇹🇲",
        "currency": "Turkmenistan New Manat",
        "currency_symbol": "m",
        "currency_subsymbol": ""
    },
    {
        "name": "Tuvalu",
        "full_name": "Tuvalu",
        "code": "TV",
        "capital": "Funafuti",
        "citizenship": "Tuvaluan",
        "continent": "Oceania",
        "domain_name": ".tv",
        "lat_long": "-7.109535, 177.64933",
        "surface": "26 km²",
        "emoji": "🇹🇻",
        "calling_code": "+688",
        "flag": "🇹🇻",
        "currency": "Tuvalu Dollar",
        "currency_symbol": "$",
        "currency_subsymbol": ""
    },
    {
        "name": "Uganda",
        "full_name": "Republic of Uganda",
        "code": "UG",
        "capital": "Kampala",
        "citizenship": "Ugandan",
        "continent": "Africa",
        "domain_name": ".ug",
        "lat_long": "1.373333, 32.290275",
        "surface": "241,038 km²",
        "emoji": "🇺🇬",
        "calling_code": "+256",
        "flag": "🇺🇬",
        "currency": "Uganda Shilling",
        "currency_symbol": "USh",
        "currency_subsymbol": ""
    },
    {
        "name": "Ukraine",
        "full_name": "Ukraine",
        "code": "UA",
        "capital": "Kiev",
        "citizenship": "Ukrainian",
        "continent": "Europe",
        "domain_name": ".ua",
        "lat_long": "48.379433, 31.16558",
        "surface": "603,550 km²",
        "emoji": "🇺🇦",
        "calling_code": "+380",
        "flag": "🇺🇦",
        "currency": "Hryvnia",
        "currency_symbol": "₴",
        "currency_subsymbol": "kop"
    },
    {
        "name": "United Arab Emirates",
        "full_name": "United Arab Emirates",
        "code": "AE",
        "capital": "Abu Dhabi",
        "citizenship": "Emirian",
        "continent": "Asia",
        "domain_name": ".ae",
        "lat_long": "23.424076, 53.847818",
        "surface": "83,600 km²",
        "emoji": "🇦🇪",
        "calling_code": "+971",
        "flag": "🇦🇪",
        "currency": "United Arab Emirates Dirham",
        "currency_symbol": "د.إ",
        "currency_subsymbol": ""
    },
    {
        "name": "United Kingdom",
        "full_name": "United Kingdom of Great Britain and Northern Ireland",
        "code": "GB",
        "capital": "London",
        "citizenship": "British",
        "continent": "Europe",
        "domain_name": ".uk",
        "lat_long": "55.378051, -3.435973",
        "surface": "243,610 km²",
        "emoji": "🇬🇧",
        "calling_code": "+44",
        "flag": "🇬🇧",
        "currency": "British Pound",
        "currency_symbol": "£",
        "currency_subsymbol": "p"
    },
    {
        "name": "United States",
        "full_name": "United States of America",
        "code": "US",
        "capital": "Washington, D.C.",
        "citizenship": "American",
        "continent": "North America",
        "domain_name": ".us",
        "lat_long": "37.09024, -95.712891",
        "surface": "9,826,630 km²",
        "emoji": "🇺🇸",
        "calling_code": "+1",
        "flag": "🇺🇸",
        "currency": "United States Dollar",
        "currency_symbol": "$",
        "currency_subsymbol": "ct"
    },
    {
        "name": "Uruguay",
        "full_name": "Oriental Republic of Uruguay",
        "code": "UY",
        "capital": "Montevideo",
        "citizenship": "Uruguayan",
        "continent": "South America",
        "domain_name": ".uy",
        "lat_long": "-32.522779, -55.765835",
        "surface": "176,215 km²",
        "emoji": "🇺🇾",
        "calling_code": "+598",
        "flag": "🇺🇾",
        "currency": "Uruguayan Peso",
        "currency_symbol": "$",
        "currency_subsymbol": "Ur."
    },
    {
        "name": "Uzbekistan",
        "full_name": "Republic of Uzbekistan",
        "code": "UZ",
        "capital": "Tashkent",
        "citizenship": "Uzbekistani",
        "continent": "Asia",
        "domain_name": ".uz",
        "lat_long": "41.377491, 64.585262",
        "surface": "447,400 km²",
        "emoji": "🇺🇿",
        "calling_code": "+998",
        "flag": "🇺🇿",
        "currency": "Uzbekistan Sum",
        "currency_symbol": "",
        "currency_subsymbol": ""
    },
    {
        "name": "Vanuatu",
        "full_name": "Republic of Vanuatu",
        "code": "VU",
        "capital": "Port Vila",
        "citizenship": "Ni-Vanuatu",
        "continent": "Oceania",
        "domain_name": ".vu",
        "lat_long": "-15.376706, 166.959158",
        "surface": "12,189 km²",
        "emoji": "🇻🇺",
        "calling_code": "+678",
        "flag": "🇻🇺",
        "currency": "Vatu",
        "currency_symbol": "Vt",
        "currency_subsymbol": ""
    },
    {
        "name": "Vatican City",
        "full_name": "Vatican City State",
        "code": "VA",
        "capital": "Vatican City",
        "citizenship": "Vatican",
        "continent": "Europe",
        "domain_name": ".va",
        "lat_long": "41.902916, 12.453389",
        "surface": "0.49 km²",
        "emoji": "🇻🇦",
        "calling_code": "+379",
        "flag": "🇻🇦",
        "currency": "Euro",
        "currency_symbol": "€",
        "currency_subsymbol": "ct"
    },
    {
        "name": "Venezuela",
        "full_name": "Bolivarian Republic of Venezuela",
        "code": "VE",
        "capital": "Caracas",
        "citizenship": "Venezuelan",
        "continent": "South America",
        "domain_name": ".ve",
        "lat_long": "6.42375, -66.58973",
        "surface": "916,445 km²",
        "emoji": "🇻🇪",
        "calling_code": "+58",
        "flag": "🇻🇪",
        "currency": "Bolívar",
        "currency_symbol": "Bs.S.",
        "currency_subsymbol": "ct"
    },
    {
        "name": "Vietnam",
        "full_name": "Socialist Republic of Vietnam",
        "code": "VN",
        "capital": "Hanoi",
        "citizenship": "Vietnamese",
        "continent": "Asia",
        "domain_name": ".vn",
        "lat_long": "14.058324, 108.277199",
        "surface": "331,210 km²",
        "emoji": "🇻🇳",
        "calling_code": "+84",
        "flag": "🇻🇳",
        "currency": "Dong",
        "currency_symbol": "₫",
        "currency_subsymbol": ""
    },
    {
        "name": "Yemen",
        "full_name": "Republic of Yemen",
        "code": "YE",
        "capital": "Sana'a",
        "citizenship": "Yemeni",
        "continent": "Asia",
        "domain_name": ".ye",
        "lat_long": "15.552727, 48.516388",
        "surface": "527,968 km²",
        "emoji": "🇾🇪",
        "calling_code": "+967",
        "flag": "🇾🇪",
        "currency": "Yemeni Rial",
        "currency_symbol": "﷼",
        "currency_subsymbol": ""
    },
    {
        "name": "Zambia",
        "full_name": "Republic of Zambia",
        "code": "ZM",
        "capital": "Lusaka",
        "citizenship": "Zambian",
        "continent": "Africa",
        "domain_name": ".zm",
        "lat_long": "-13.133897, 27.849332",
        "surface": "752,614 km²",
        "emoji": "🇿🇲",
        "calling_code": "+260",
        "flag": "🇿🇲",
        "currency": "Kwacha",
        "currency_symbol": "ZK",
        "currency_subsymbol": ""
    },
    {
        "name": "Zimbabwe",
        "full_name": "Republic of Zimbabwe",
        "code": "ZW",
        "capital": "Harare",
        "citizenship": "Zimbabwean",
        "continent": "Africa",
        "domain_name": ".zw",
        "lat_long": "-19.015438, 29.154857",
        "surface": "390,757 km²",
        "emoji": "🇿🇼",
        "calling_code": "+263",
        "flag": "🇿🇼",
        "currency": "Zimbabwe Dollar",
        "currency_symbol": "Z$",
        "currency_subsymbol": "ct"
    }
]